topics,links
olivia rodrigo,https://twitter.com/search?q=%22olivia+rodrigo%22%20lang:en%20since%3A2021-05-21_00:00:00_EST%20until%3A2021-05-22_00:00:00_EST&src=typd
Adrian,https://twitter.com/search?q=Adrian%20lang:en%20since%3A2021-05-21_00:00:00_EST%20until%3A2021-05-22_00:00:00_EST&src=typd
The Lost Boys,https://twitter.com/search?q=%22The+Lost+Boys%22%20lang:en%20since%3A2021-05-21_00:00:00_EST%20until%3A2021-05-22_00:00:00_EST&src=typd
Juliet,https://twitter.com/search?q=Juliet%20lang:en%20since%3A2021-05-21_00:00:00_EST%20until%3A2021-05-22_00:00:00_EST&src=typd
Nick Cannon,https://twitter.com/search?q=%22Nick+Cannon%22%20lang:en%20since%3A2021-05-21_00:00:00_EST%20until%3A2021-05-22_00:00:00_EST&src=typd
Full Metal Jacket,https://twitter.com/search?q=%22Full+Metal+Jacket%22%20lang:en%20since%3A2021-05-21_00:00:00_EST%20until%3A2021-05-22_00:00:00_EST&src=typd
Socrates,https://twitter.com/search?q=Socrates%20lang:en%20since%3A2021-05-21_00:00:00_EST%20until%3A2021-05-22_00:00:00_EST&src=typd
#BTS_Butter,https://twitter.com/search?q=%23BTS_Butter%20lang:en%20since%3A2021-05-21_00:00:00_EST%20until%3A2021-05-22_00:00:00_EST&src=typd
#FridayVibes,https://twitter.com/search?q=%23FridayVibes%20lang:en%20since%3A2021-05-21_00:00:00_EST%20until%3A2021-05-22_00:00:00_EST&src=typd
hobi,https://twitter.com/search?q=hobi%20lang:en%20since%3A2021-05-21_00:00:00_EST%20until%3A2021-05-22_00:00:00_EST&src=typd
Radio Shack,https://twitter.com/search?q=%22Radio+Shack%22%20lang:en%20since%3A2021-05-21_00:00:00_EST%20until%3A2021-05-22_00:00:00_EST&src=typd
Steve Harvey,https://twitter.com/search?q=%22Steve+Harvey%22%20lang:en%20since%3A2021-05-21_00:00:00_EST%20until%3A2021-05-22_00:00:00_EST&src=typd
#fridaymorning,https://twitter.com/search?q=%23fridaymorning%20lang:en%20since%3A2021-05-21_00:00:00_EST%20until%3A2021-05-22_00:00:00_EST&src=typd
Tulsi,https://twitter.com/search?q=Tulsi%20lang:en%20since%3A2021-05-21_00:00:00_EST%20until%3A2021-05-22_00:00:00_EST&src=typd
Robocop,https://twitter.com/search?q=Robocop%20lang:en%20since%3A2021-05-21_00:00:00_EST%20until%3A2021-05-22_00:00:00_EST&src=typd
hoseok,https://twitter.com/search?q=hoseok%20lang:en%20since%3A2021-05-21_00:00:00_EST%20until%3A2021-05-22_00:00:00_EST&src=typd
Aeropostale,https://twitter.com/search?q=Aeropostale%20lang:en%20since%3A2021-05-21_00:00:00_EST%20until%3A2021-05-22_00:00:00_EST&src=typd
Lake Lanier,https://twitter.com/search?q=%22Lake+Lanier%22%20lang:en%20since%3A2021-05-21_00:00:00_EST%20until%3A2021-05-22_00:00:00_EST&src=typd
