topics,links,contro,
Demi Lovato,https://twitter.com/search?q=%22Demi+Lovato%22%20lang:en%20since%3A2021-05-19_00:00:00_EST%20until%3A2021-05-20_00:00:00_EST&src=typd,1,
Trump Organization,https://twitter.com/search?q=%22Trump+Organization%22%20lang:en%20since%3A2021-05-19_00:00:00_EST%20until%3A2021-05-20_00:00:00_EST&src=typd,1,
Paul Mooney,https://twitter.com/search?q=%22Paul+Mooney%22%20lang:en%20since%3A2021-05-19_00:00:00_EST%20until%3A2021-05-20_00:00:00_EST&src=typd,0,
Tatum,https://twitter.com/search?q=Tatum%20lang:en%20since%3A2021-05-19_00:00:00_EST%20until%3A2021-05-20_00:00:00_EST&src=typd,0,
Sara,https://twitter.com/search?q=Sara%20lang:en%20since%3A2021-05-19_00:00:00_EST%20until%3A2021-05-20_00:00:00_EST&src=typd,0,
Mariners,https://twitter.com/search?q=Mariners%20lang:en%20since%3A2021-05-19_00:00:00_EST%20until%3A2021-05-20_00:00:00_EST&src=typd,0,
McConnell,https://twitter.com/search?q=McConnell%20lang:en%20since%3A2021-05-19_00:00:00_EST%20until%3A2021-05-20_00:00:00_EST&src=typd,1,
Spencer Turnbull,https://twitter.com/search?q=%22Spencer+Turnbull%22%20lang:en%20since%3A2021-05-19_00:00:00_EST%20until%3A2021-05-20_00:00:00_EST&src=typd,0,
Randy Moss,https://twitter.com/search?q=%22Randy+Moss%22%20lang:en%20since%3A2021-05-19_00:00:00_EST%20until%3A2021-05-20_00:00:00_EST&src=typd,0,
NY AG,https://twitter.com/search?q=%22NY+AG%22%20lang:en%20since%3A2021-05-19_00:00:00_EST%20until%3A2021-05-20_00:00:00_EST&src=typd,1,
#WednesdayMotivation,https://twitter.com/search?q=%23WednesdayMotivation%20lang:en%20since%3A2021-05-19_00:00:00_EST%20until%3A2021-05-20_00:00:00_EST&src=typd,0,
Westbrook,https://twitter.com/search?q=Westbrook%20lang:en%20since%3A2021-05-19_00:00:00_EST%20until%3A2021-05-20_00:00:00_EST&src=typd,1,
#YouTubeDOWN,https://twitter.com/search?q=%23YouTubeDOWN%20lang:en%20since%3A2021-05-19_00:00:00_EST%20until%3A2021-05-20_00:00:00_EST&src=typd,0,
Earthbound,https://twitter.com/search?q=Earthbound%20lang:en%20since%3A2021-05-19_00:00:00_EST%20until%3A2021-05-20_00:00:00_EST&src=typd,0,
#cryptotrading,https://twitter.com/search?q=%23cryptotrading%20lang:en%20since%3A2021-05-19_00:00:00_EST%20until%3A2021-05-20_00:00:00_EST&src=typd,0,
#buythedip,https://twitter.com/search?q=%23buythedip%20lang:en%20since%3A2021-05-19_00:00:00_EST%20until%3A2021-05-20_00:00:00_EST&src=typd,0,
Malcolm X,https://twitter.com/search?q=%22Malcolm+X%22%20lang:en%20since%3A2021-05-19_00:00:00_EST%20until%3A2021-05-20_00:00:00_EST&src=typd,0,
Riddler,https://twitter.com/search?q=Riddler%20lang:en%20since%3A2021-05-19_00:00:00_EST%20until%3A2021-05-20_00:00:00_EST&src=typd,0,
#NationalWineDay,https://twitter.com/search?q=%23NationalWineDay%20lang:en%20since%3A2021-05-25_00:00:00_EST%20until%3A2021-05-26_00:00:00_EST&src=typd,0,
John Cena,https://twitter.com/search?q=%22John+Cena%22%20lang:en%20since%3A2021-05-25_00:00:00_EST%20until%3A2021-05-26_00:00:00_EST&src=typd,1,
Mark Ruffalo,https://twitter.com/search?q=%22Mark+Ruffalo%22%20lang:en%20since%3A2021-05-25_00:00:00_EST%20until%3A2021-05-26_00:00:00_EST&src=typd,1,
Taiwan,https://twitter.com/search?q=Taiwan%20lang:en%20since%3A2021-05-25_00:00:00_EST%20until%3A2021-05-26_00:00:00_EST&src=typd,1,
George Floyd,https://twitter.com/search?q=%22George+Floyd%22%20lang:en%20since%3A2021-05-25_00:00:00_EST%20until%3A2021-05-26_00:00:00_EST&src=typd,1,
Bryson,https://twitter.com/search?q=Bryson%20lang:en%20since%3A2021-05-25_00:00:00_EST%20until%3A2021-05-26_00:00:00_EST&src=typd,1,
Klarna,https://twitter.com/search?q=Klarna%20lang:en%20since%3A2021-05-25_00:00:00_EST%20until%3A2021-05-26_00:00:00_EST&src=typd,1,
Dame,https://twitter.com/search?q=Dame%20lang:en%20since%3A2021-05-25_00:00:00_EST%20until%3A2021-05-26_00:00:00_EST&src=typd,1,
Jokic,https://twitter.com/search?q=Jokic%20lang:en%20since%3A2021-05-25_00:00:00_EST%20until%3A2021-05-26_00:00:00_EST&src=typd,0,
#STREAMINGBUTTER,https://twitter.com/search?q=%23STREAMINGBUTTER%20lang:en%20since%3A2021-05-25_00:00:00_EST%20until%3A2021-05-26_00:00:00_EST&src=typd,0,
Pride,https://twitter.com/search?q=Pride%20lang:en%20since%3A2021-05-25_00:00:00_EST%20until%3A2021-05-26_00:00:00_EST&src=typd,1,
#tuesdaymotivations,https://twitter.com/search?q=%23tuesdaymotivations%20lang:en%20since%3A2021-05-25_00:00:00_EST%20until%3A2021-05-26_00:00:00_EST&src=typd,0,
Barr,https://twitter.com/search?q=Barr%20lang:en%20since%3A2021-05-25_00:00:00_EST%20until%3A2021-05-26_00:00:00_EST&src=typd,1,
yixing,https://twitter.com/search?q=yixing%20lang:en%20since%3A2021-05-25_00:00:00_EST%20until%3A2021-05-26_00:00:00_EST&src=typd,0,
Cenk,https://twitter.com/search?q=Cenk%20lang:en%20since%3A2021-05-25_00:00:00_EST%20until%3A2021-05-26_00:00:00_EST&src=typd,1,
Richard Marx,https://twitter.com/search?q=%22Richard+Marx%22%20lang:en%20since%3A2021-05-25_00:00:00_EST%20until%3A2021-05-26_00:00:00_EST&src=typd,1,
Holocaust,https://twitter.com/search?q=Holocaust%20lang:en%20since%3A2021-05-25_00:00:00_EST%20until%3A2021-05-26_00:00:00_EST&src=typd,1,
Blazers,https://twitter.com/search?q=Blazers%20lang:en%20since%3A2021-05-25_00:00:00_EST%20until%3A2021-05-26_00:00:00_EST&src=typd,0,
Chandler,https://twitter.com/search?q=Chandler%20lang:en%20since%3A2021-05-16_00:00:00_EST%20until%3A2021-05-17_00:00:00_EST&src=typd,0,
Costco,https://twitter.com/search?q=Costco%20lang:en%20since%3A2021-05-16_00:00:00_EST%20until%3A2021-05-17_00:00:00_EST&src=typd,1,
#sundayvibes,https://twitter.com/search?q=%23sundayvibes%20lang:en%20since%3A2021-05-16_00:00:00_EST%20until%3A2021-05-17_00:00:00_EST&src=typd,0,
#RuinAComicsCharacter,https://twitter.com/search?q=%23RuinAComicsCharacter%20lang:en%20since%3A2021-05-16_00:00:00_EST%20until%3A2021-05-17_00:00:00_EST&src=typd,0,
Steph,https://twitter.com/search?q=Steph%20lang:en%20since%3A2021-05-16_00:00:00_EST%20until%3A2021-05-17_00:00:00_EST&src=typd,0,
#bucciovertimechallenge,https://twitter.com/search?q=%23bucciovertimechallenge%20lang:en%20since%3A2021-05-16_00:00:00_EST%20until%3A2021-05-17_00:00:00_EST&src=typd,0,
Tony,https://twitter.com/search?q=Tony%20lang:en%20since%3A2021-05-16_00:00:00_EST%20until%3A2021-05-17_00:00:00_EST&src=typd,0,
#UFC262,https://twitter.com/search?q=%23UFC262%20lang:en%20since%3A2021-05-16_00:00:00_EST%20until%3A2021-05-17_00:00:00_EST&src=typd,0,
#WMBacklash,https://twitter.com/search?q=%23WMBacklash%20lang:en%20since%3A2021-05-16_00:00:00_EST%20until%3A2021-05-17_00:00:00_EST&src=typd,1,
Do Bronx,https://twitter.com/search?q=%22Do+Bronx%22%20lang:en%20since%3A2021-05-16_00:00:00_EST%20until%3A2021-05-17_00:00:00_EST&src=typd,0,
Vick,https://twitter.com/search?q=Vick%20lang:en%20since%3A2021-05-16_00:00:00_EST%20until%3A2021-05-17_00:00:00_EST&src=typd,0,
Ricky Schroder,https://twitter.com/search?q=%22Ricky+Schroder%22%20lang:en%20since%3A2021-05-16_00:00:00_EST%20until%3A2021-05-17_00:00:00_EST&src=typd,1,
Khabib,https://twitter.com/search?q=Khabib%20lang:en%20since%3A2021-05-16_00:00:00_EST%20until%3A2021-05-17_00:00:00_EST&src=typd,0,
Sapnap,https://twitter.com/search?q=Sapnap%20lang:en%20since%3A2021-05-16_00:00:00_EST%20until%3A2021-05-17_00:00:00_EST&src=typd,0,
Jarry,https://twitter.com/search?q=Jarry%20lang:en%20since%3A2021-05-16_00:00:00_EST%20until%3A2021-05-17_00:00:00_EST&src=typd,1,
#SundayMorning,https://twitter.com/search?q=%23SundayMorning%20lang:en%20since%3A2021-05-16_00:00:00_EST%20until%3A2021-05-17_00:00:00_EST&src=typd,0,
Dariush,https://twitter.com/search?q=Dariush%20lang:en%20since%3A2021-05-16_00:00:00_EST%20until%3A2021-05-17_00:00:00_EST&src=typd,1,
Silver Spoons,https://twitter.com/search?q=%22Silver+Spoons%22%20lang:en%20since%3A2021-05-16_00:00:00_EST%20until%3A2021-05-17_00:00:00_EST&src=typd,1,
Kwame Brown,https://twitter.com/search?q=%22Kwame+Brown%22%20lang:en%20since%3A2021-05-17_00:00:00_EST%20until%3A2021-05-18_00:00:00_EST&src=typd,0,
UFOs,https://twitter.com/search?q=UFOs%20lang:en%20since%3A2021-05-17_00:00:00_EST%20until%3A2021-05-18_00:00:00_EST&src=typd,1,
#mondaythoughts,https://twitter.com/search?q=%23mondaythoughts%20lang:en%20since%3A2021-05-17_00:00:00_EST%20until%3A2021-05-18_00:00:00_EST&src=typd,0,
Supreme Court,https://twitter.com/search?q=%22Supreme+Court%22%20lang:en%20since%3A2021-05-17_00:00:00_EST%20until%3A2021-05-18_00:00:00_EST&src=typd,1,
Machado,https://twitter.com/search?q=Machado%20lang:en%20since%3A2021-05-17_00:00:00_EST%20until%3A2021-05-18_00:00:00_EST&src=typd,1,
#MondayMotivation,https://twitter.com/search?q=%23MondayMotivation%20lang:en%20since%3A2021-05-17_00:00:00_EST%20until%3A2021-05-18_00:00:00_EST&src=typd,0,
Joel Osteen,https://twitter.com/search?q=%22Joel+Osteen%22%20lang:en%20since%3A2021-05-17_00:00:00_EST%20until%3A2021-05-18_00:00:00_EST&src=typd,1,
ariana,https://twitter.com/search?q=ariana%20lang:en%20since%3A2021-05-17_00:00:00_EST%20until%3A2021-05-18_00:00:00_EST&src=typd,0,
addison rae,https://twitter.com/search?q=%22addison+rae%22%20lang:en%20since%3A2021-05-17_00:00:00_EST%20until%3A2021-05-18_00:00:00_EST&src=typd,1,
Peru,https://twitter.com/search?q=Peru%20lang:en%20since%3A2021-05-17_00:00:00_EST%20until%3A2021-05-18_00:00:00_EST&src=typd,0,
Clippers,https://twitter.com/search?q=Clippers%20lang:en%20since%3A2021-05-17_00:00:00_EST%20until%3A2021-05-18_00:00:00_EST&src=typd,0,
#MisheardLyrics,https://twitter.com/search?q=%23MisheardLyrics%20lang:en%20since%3A2021-05-17_00:00:00_EST%20until%3A2021-05-18_00:00:00_EST&src=typd,0,
#MareOfEasttown,https://twitter.com/search?q=%23MareOfEasttown%20lang:en%20since%3A2021-05-17_00:00:00_EST%20until%3A2021-05-18_00:00:00_EST&src=typd,0,
Discovery,https://twitter.com/search?q=Discovery%20lang:en%20since%3A2021-05-17_00:00:00_EST%20until%3A2021-05-18_00:00:00_EST&src=typd,0,
Lakers,https://twitter.com/search?q=Lakers%20lang:en%20since%3A2021-05-17_00:00:00_EST%20until%3A2021-05-18_00:00:00_EST&src=typd,0,
Ryan Kerrigan,https://twitter.com/search?q=%22Ryan+Kerrigan%22%20lang:en%20since%3A2021-05-17_00:00:00_EST%20until%3A2021-05-18_00:00:00_EST&src=typd,0,
#MondayMorning,https://twitter.com/search?q=%23MondayMorning%20lang:en%20since%3A2021-05-17_00:00:00_EST%20until%3A2021-05-18_00:00:00_EST&src=typd,0,
Eula,https://twitter.com/search?q=Eula%20lang:en%20since%3A2021-05-17_00:00:00_EST%20until%3A2021-05-18_00:00:00_EST&src=typd,0,
Liz Cheney,https://twitter.com/search?q=%22Liz+Cheney%22%20lang:en%20since%3A2021-05-12_00:00:00_EST%20until%3A2021-05-13_00:00:00_EST&src=typd,1,
#GasShortage2021,https://twitter.com/search?q=%23GasShortage2021%20lang:en%20since%3A2021-05-12_00:00:00_EST%20until%3A2021-05-13_00:00:00_EST&src=typd,1,
Eid Mubarak,https://twitter.com/search?q=%22Eid+Mubarak%22%20lang:en%20since%3A2021-05-12_00:00:00_EST%20until%3A2021-05-13_00:00:00_EST&src=typd,0,
Etika,https://twitter.com/search?q=Etika%20lang:en%20since%3A2021-05-12_00:00:00_EST%20until%3A2021-05-13_00:00:00_EST&src=typd,0,
Joe Budden,https://twitter.com/search?q=%22Joe+Budden%22%20lang:en%20since%3A2021-05-12_00:00:00_EST%20until%3A2021-05-13_00:00:00_EST&src=typd,1,
Rory,https://twitter.com/search?q=Rory%20lang:en%20since%3A2021-05-12_00:00:00_EST%20until%3A2021-05-13_00:00:00_EST&src=typd,1,
#JOYCONBOYZFOREVER,https://twitter.com/search?q=%23JOYCONBOYZFOREVER%20lang:en%20since%3A2021-05-12_00:00:00_EST%20until%3A2021-05-13_00:00:00_EST&src=typd,0,
#wednesdaythought,https://twitter.com/search?q=%23wednesdaythought%20lang:en%20since%3A2021-05-12_00:00:00_EST%20until%3A2021-05-13_00:00:00_EST&src=typd,0,
Randle,https://twitter.com/search?q=Randle%20lang:en%20since%3A2021-05-12_00:00:00_EST%20until%3A2021-05-13_00:00:00_EST&src=typd,0,
Lakers,https://twitter.com/search?q=Lakers%20lang:en%20since%3A2021-05-12_00:00:00_EST%20until%3A2021-05-13_00:00:00_EST&src=typd,0,
Wiggins,https://twitter.com/search?q=Wiggins%20lang:en%20since%3A2021-05-12_00:00:00_EST%20until%3A2021-05-13_00:00:00_EST&src=typd,0,
Nazi Barbie,https://twitter.com/search?q=%22Nazi+Barbie%22%20lang:en%20since%3A2021-05-12_00:00:00_EST%20until%3A2021-05-13_00:00:00_EST&src=typd,1,
Republican Party,https://twitter.com/search?q=%22Republican+Party%22%20lang:en%20since%3A2021-05-12_00:00:00_EST%20until%3A2021-05-13_00:00:00_EST&src=typd,1,
Mingi,https://twitter.com/search?q=Mingi%20lang:en%20since%3A2021-05-12_00:00:00_EST%20until%3A2021-05-13_00:00:00_EST&src=typd,0,
Gal Gadot,https://twitter.com/search?q=%22Gal+Gadot%22%20lang:en%20since%3A2021-05-12_00:00:00_EST%20until%3A2021-05-13_00:00:00_EST&src=typd,1,
LeAnkle,https://twitter.com/search?q=LeAnkle%20lang:en%20since%3A2021-05-12_00:00:00_EST%20until%3A2021-05-13_00:00:00_EST&src=typd,0,
#Lakeshow,https://twitter.com/search?q=%23Lakeshow%20lang:en%20since%3A2021-05-12_00:00:00_EST%20until%3A2021-05-13_00:00:00_EST&src=typd,0,
Warriors,https://twitter.com/search?q=Warriors%20lang:en%20since%3A2021-05-12_00:00:00_EST%20until%3A2021-05-13_00:00:00_EST&src=typd,0,
olivia rodrigo,https://twitter.com/search?q=%22olivia+rodrigo%22%20lang:en%20since%3A2021-05-21_00:00:00_EST%20until%3A2021-05-22_00:00:00_EST&src=typd,0,
Adrian,https://twitter.com/search?q=Adrian%20lang:en%20since%3A2021-05-21_00:00:00_EST%20until%3A2021-05-22_00:00:00_EST&src=typd,0,
The Lost Boys,https://twitter.com/search?q=%22The+Lost+Boys%22%20lang:en%20since%3A2021-05-21_00:00:00_EST%20until%3A2021-05-22_00:00:00_EST&src=typd,0,
Juliet,https://twitter.com/search?q=Juliet%20lang:en%20since%3A2021-05-21_00:00:00_EST%20until%3A2021-05-22_00:00:00_EST&src=typd,1,
Nick Cannon,https://twitter.com/search?q=%22Nick+Cannon%22%20lang:en%20since%3A2021-05-21_00:00:00_EST%20until%3A2021-05-22_00:00:00_EST&src=typd,0,
Full Metal Jacket,https://twitter.com/search?q=%22Full+Metal+Jacket%22%20lang:en%20since%3A2021-05-21_00:00:00_EST%20until%3A2021-05-22_00:00:00_EST&src=typd,0,
Socrates,https://twitter.com/search?q=Socrates%20lang:en%20since%3A2021-05-21_00:00:00_EST%20until%3A2021-05-22_00:00:00_EST&src=typd,0,
#BTS_Butter,https://twitter.com/search?q=%23BTS_Butter%20lang:en%20since%3A2021-05-21_00:00:00_EST%20until%3A2021-05-22_00:00:00_EST&src=typd,0,
#FridayVibes,https://twitter.com/search?q=%23FridayVibes%20lang:en%20since%3A2021-05-21_00:00:00_EST%20until%3A2021-05-22_00:00:00_EST&src=typd,0,
hobi,https://twitter.com/search?q=hobi%20lang:en%20since%3A2021-05-21_00:00:00_EST%20until%3A2021-05-22_00:00:00_EST&src=typd,0,
Radio Shack,https://twitter.com/search?q=%22Radio+Shack%22%20lang:en%20since%3A2021-05-21_00:00:00_EST%20until%3A2021-05-22_00:00:00_EST&src=typd,0,
Steve Harvey,https://twitter.com/search?q=%22Steve+Harvey%22%20lang:en%20since%3A2021-05-21_00:00:00_EST%20until%3A2021-05-22_00:00:00_EST&src=typd,1,
#fridaymorning,https://twitter.com/search?q=%23fridaymorning%20lang:en%20since%3A2021-05-21_00:00:00_EST%20until%3A2021-05-22_00:00:00_EST&src=typd,0,
Tulsi,https://twitter.com/search?q=Tulsi%20lang:en%20since%3A2021-05-21_00:00:00_EST%20until%3A2021-05-22_00:00:00_EST&src=typd,1,
Robocop,https://twitter.com/search?q=Robocop%20lang:en%20since%3A2021-05-21_00:00:00_EST%20until%3A2021-05-22_00:00:00_EST&src=typd,0,
hoseok,https://twitter.com/search?q=hoseok%20lang:en%20since%3A2021-05-21_00:00:00_EST%20until%3A2021-05-22_00:00:00_EST&src=typd,0,
Aeropostale,https://twitter.com/search?q=Aeropostale%20lang:en%20since%3A2021-05-21_00:00:00_EST%20until%3A2021-05-22_00:00:00_EST&src=typd,0,
Lake Lanier,https://twitter.com/search?q=%22Lake+Lanier%22%20lang:en%20since%3A2021-05-21_00:00:00_EST%20until%3A2021-05-22_00:00:00_EST&src=typd,0,
Clippers,https://twitter.com/search?q=Clippers%20lang:en%20since%3A2021-05-26_00:00:00_EST%20until%3A2021-05-27_00:00:00_EST&src=typd,0,
Luka,https://twitter.com/search?q=Luka%20lang:en%20since%3A2021-05-26_00:00:00_EST%20until%3A2021-05-27_00:00:00_EST&src=typd,0,
Kawhi,https://twitter.com/search?q=Kawhi%20lang:en%20since%3A2021-05-26_00:00:00_EST%20until%3A2021-05-27_00:00:00_EST&src=typd,0,
#BTSMeal,https://twitter.com/search?q=%23BTSMeal%20lang:en%20since%3A2021-05-26_00:00:00_EST%20until%3A2021-05-27_00:00:00_EST&src=typd,0,
San Jose,https://twitter.com/search?q=%22San+Jose%22%20lang:en%20since%3A2021-05-26_00:00:00_EST%20until%3A2021-05-27_00:00:00_EST&src=typd,1,
Summer Walker,https://twitter.com/search?q=%22Summer+Walker%22%20lang:en%20since%3A2021-05-26_00:00:00_EST%20until%3A2021-05-27_00:00:00_EST&src=typd,0,
Lakers,https://twitter.com/search?q=Lakers%20lang:en%20since%3A2021-05-26_00:00:00_EST%20until%3A2021-05-27_00:00:00_EST&src=typd,0,
Wizard 101,https://twitter.com/search?q=%22Wizard+101%22%20lang:en%20since%3A2021-05-26_00:00:00_EST%20until%3A2021-05-27_00:00:00_EST&src=typd,0,
#wednesdaythought,https://twitter.com/search?q=%23wednesdaythought%20lang:en%20since%3A2021-05-26_00:00:00_EST%20until%3A2021-05-27_00:00:00_EST&src=typd,0,
Bron,https://twitter.com/search?q=Bron%20lang:en%20since%3A2021-05-26_00:00:00_EST%20until%3A2021-05-27_00:00:00_EST&src=typd,0,
Pat Bev,https://twitter.com/search?q=%22Pat+Bev%22%20lang:en%20since%3A2021-05-26_00:00:00_EST%20until%3A2021-05-27_00:00:00_EST&src=typd,0,
Bezos,https://twitter.com/search?q=Bezos%20lang:en%20since%3A2021-05-26_00:00:00_EST%20until%3A2021-05-27_00:00:00_EST&src=typd,1,
Crowder,https://twitter.com/search?q=Crowder%20lang:en%20since%3A2021-05-26_00:00:00_EST%20until%3A2021-05-27_00:00:00_EST&src=typd,0,
Steak 48,https://twitter.com/search?q=%22Steak+48%22%20lang:en%20since%3A2021-05-26_00:00:00_EST%20until%3A2021-05-27_00:00:00_EST&src=typd,0,
Eve Fartlow,https://twitter.com/search?q=%22Eve+Fartlow%22%20lang:en%20since%3A2021-05-26_00:00:00_EST%20until%3A2021-05-27_00:00:00_EST&src=typd,1,
Ty Lue,https://twitter.com/search?q=%22Ty+Lue%22%20lang:en%20since%3A2021-05-26_00:00:00_EST%20until%3A2021-05-27_00:00:00_EST&src=typd,0,
Paul George,https://twitter.com/search?q=%22Paul+George%22%20lang:en%20since%3A2021-05-26_00:00:00_EST%20until%3A2021-05-27_00:00:00_EST&src=typd,0,
Villarreal,https://twitter.com/search?q=Villarreal%20lang:en%20since%3A2021-05-26_00:00:00_EST%20until%3A2021-05-27_00:00:00_EST&src=typd,0,
Ja Morant,https://twitter.com/search?q=%22Ja+Morant%22%20lang:en%20since%3A2021-05-22_00:00:00_EST%20until%3A2021-05-23_00:00:00_EST&src=typd,0,
#KremlinCruz,https://twitter.com/search?q=%23KremlinCruz%20lang:en%20since%3A2021-05-22_00:00:00_EST%20until%3A2021-05-23_00:00:00_EST&src=typd,1,
Draymond,https://twitter.com/search?q=Draymond%20lang:en%20since%3A2021-05-22_00:00:00_EST%20until%3A2021-05-23_00:00:00_EST&src=typd,0,
Klay,https://twitter.com/search?q=Klay%20lang:en%20since%3A2021-05-22_00:00:00_EST%20until%3A2021-05-23_00:00:00_EST&src=typd,0,
Wiggins,https://twitter.com/search?q=Wiggins%20lang:en%20since%3A2021-05-22_00:00:00_EST%20until%3A2021-05-23_00:00:00_EST&src=typd,0,
Steph,https://twitter.com/search?q=Steph%20lang:en%20since%3A2021-05-22_00:00:00_EST%20until%3A2021-05-23_00:00:00_EST&src=typd,1,
Final Destination,https://twitter.com/search?q=%22Final+Destination%22%20lang:en%20since%3A2021-05-22_00:00:00_EST%20until%3A2021-05-23_00:00:00_EST&src=typd,0,
Grayson Allen,https://twitter.com/search?q=%22Grayson+Allen%22%20lang:en%20since%3A2021-05-22_00:00:00_EST%20until%3A2021-05-23_00:00:00_EST&src=typd,0,
Giannis,https://twitter.com/search?q=Giannis%20lang:en%20since%3A2021-05-22_00:00:00_EST%20until%3A2021-05-23_00:00:00_EST&src=typd,0,
Poole,https://twitter.com/search?q=Poole%20lang:en%20since%3A2021-05-22_00:00:00_EST%20until%3A2021-05-23_00:00:00_EST&src=typd,0,
#SaturdayVibes,https://twitter.com/search?q=%23SaturdayVibes%20lang:en%20since%3A2021-05-22_00:00:00_EST%20until%3A2021-05-23_00:00:00_EST&src=typd,0,
Adrian,https://twitter.com/search?q=Adrian%20lang:en%20since%3A2021-05-22_00:00:00_EST%20until%3A2021-05-23_00:00:00_EST&src=typd,1,
Clippers,https://twitter.com/search?q=Clippers%20lang:en%20since%3A2021-05-22_00:00:00_EST%20until%3A2021-05-23_00:00:00_EST&src=typd,1,(*)
Bauer,https://twitter.com/search?q=Bauer%20lang:en%20since%3A2021-05-22_00:00:00_EST%20until%3A2021-05-23_00:00:00_EST&src=typd,1,
Mavs,https://twitter.com/search?q=Mavs%20lang:en%20since%3A2021-05-22_00:00:00_EST%20until%3A2021-05-23_00:00:00_EST&src=typd,0,
Bucks,https://twitter.com/search?q=Bucks%20lang:en%20since%3A2021-05-22_00:00:00_EST%20until%3A2021-05-23_00:00:00_EST&src=typd,1,(*)
#SaturdayMorning,https://twitter.com/search?q=%23SaturdayMorning%20lang:en%20since%3A2021-05-22_00:00:00_EST%20until%3A2021-05-23_00:00:00_EST&src=typd,0,
#UFCVegas27,https://twitter.com/search?q=%23UFCVegas27%20lang:en%20since%3A2021-05-22_00:00:00_EST%20until%3A2021-05-23_00:00:00_EST&src=typd,1,(*)
Evan Hansen,https://twitter.com/search?q=%22Evan+Hansen%22%20lang:en%20since%3A2021-05-18_00:00:00_EST%20until%3A2021-05-19_00:00:00_EST&src=typd,0,
Joe Rogan,https://twitter.com/search?q=%22Joe+Rogan%22%20lang:en%20since%3A2021-05-18_00:00:00_EST%20until%3A2021-05-19_00:00:00_EST&src=typd,1,
Shrek,https://twitter.com/search?q=Shrek%20lang:en%20since%3A2021-05-18_00:00:00_EST%20until%3A2021-05-19_00:00:00_EST&src=typd,0,
Kwame Brown,https://twitter.com/search?q=%22Kwame+Brown%22%20lang:en%20since%3A2021-05-18_00:00:00_EST%20until%3A2021-05-19_00:00:00_EST&src=typd,1,
Nudy,https://twitter.com/search?q=Nudy%20lang:en%20since%3A2021-05-18_00:00:00_EST%20until%3A2021-05-19_00:00:00_EST&src=typd,1,
taemin,https://twitter.com/search?q=taemin%20lang:en%20since%3A2021-05-18_00:00:00_EST%20until%3A2021-05-19_00:00:00_EST&src=typd,0,
Charles Grodin,https://twitter.com/search?q=%22Charles+Grodin%22%20lang:en%20since%3A2021-05-18_00:00:00_EST%20until%3A2021-05-19_00:00:00_EST&src=typd,0,
Midnight Run,https://twitter.com/search?q=%22Midnight+Run%22%20lang:en%20since%3A2021-05-18_00:00:00_EST%20until%3A2021-05-19_00:00:00_EST&src=typd,0,
gfriend,https://twitter.com/search?q=gfriend%20lang:en%20since%3A2021-05-18_00:00:00_EST%20until%3A2021-05-19_00:00:00_EST&src=typd,0,
#tuesdaymotivations,https://twitter.com/search?q=%23tuesdaymotivations%20lang:en%20since%3A2021-05-18_00:00:00_EST%20until%3A2021-05-19_00:00:00_EST&src=typd,0,
Carson,https://twitter.com/search?q=Carson%20lang:en%20since%3A2021-05-18_00:00:00_EST%20until%3A2021-05-19_00:00:00_EST&src=typd,0,
Ben Platt,https://twitter.com/search?q=%22Ben+Platt%22%20lang:en%20since%3A2021-05-18_00:00:00_EST%20until%3A2021-05-19_00:00:00_EST&src=typd,0,
Marshall,https://twitter.com/search?q=Marshall%20lang:en%20since%3A2021-05-18_00:00:00_EST%20until%3A2021-05-19_00:00:00_EST&src=typd,0,
#BudLightStimmyTix,https://twitter.com/search?q=%23BudLightStimmyTix%20lang:en%20since%3A2021-05-18_00:00:00_EST%20until%3A2021-05-19_00:00:00_EST&src=typd,0,
Binnington,https://twitter.com/search?q=Binnington%20lang:en%20since%3A2021-05-18_00:00:00_EST%20until%3A2021-05-19_00:00:00_EST&src=typd,0,
Benghazi,https://twitter.com/search?q=Benghazi%20lang:en%20since%3A2021-05-18_00:00:00_EST%20until%3A2021-05-19_00:00:00_EST&src=typd,1,
GTA 6,https://twitter.com/search?q=%22GTA+6%22%20lang:en%20since%3A2021-05-18_00:00:00_EST%20until%3A2021-05-19_00:00:00_EST&src=typd,0,
Katie Porter,https://twitter.com/search?q=%22Katie+Porter%22%20lang:en%20since%3A2021-05-18_00:00:00_EST%20until%3A2021-05-19_00:00:00_EST&src=typd,0,
Kirby,https://twitter.com/search?q=Kirby%20lang:en%20since%3A2021-05-08_00:00:00_EST%20until%3A2021-05-09_00:00:00_EST&src=typd,0,
#ChineseRocket,https://twitter.com/search?q=%23ChineseRocket%20lang:en%20since%3A2021-05-08_00:00:00_EST%20until%3A2021-05-09_00:00:00_EST&src=typd,0,(*)
#YouMightBeARepublicanIf,https://twitter.com/search?q=%23YouMightBeARepublicanIf%20lang:en%20since%3A2021-05-08_00:00:00_EST%20until%3A2021-05-09_00:00:00_EST&src=typd,1,
Wade Miley,https://twitter.com/search?q=%22Wade+Miley%22%20lang:en%20since%3A2021-05-08_00:00:00_EST%20until%3A2021-05-09_00:00:00_EST&src=typd,0,
Lakers,https://twitter.com/search?q=Lakers%20lang:en%20since%3A2021-05-08_00:00:00_EST%20until%3A2021-05-09_00:00:00_EST&src=typd,1,
Nina Turner,https://twitter.com/search?q=%22Nina+Turner%22%20lang:en%20since%3A2021-05-08_00:00:00_EST%20until%3A2021-05-09_00:00:00_EST&src=typd,1,
#SaturdayMorning,https://twitter.com/search?q=%23SaturdayMorning%20lang:en%20since%3A2021-05-08_00:00:00_EST%20until%3A2021-05-09_00:00:00_EST&src=typd,0,
Kuzma,https://twitter.com/search?q=Kuzma%20lang:en%20since%3A2021-05-08_00:00:00_EST%20until%3A2021-05-09_00:00:00_EST&src=typd,1,
Caruso,https://twitter.com/search?q=Caruso%20lang:en%20since%3A2021-05-08_00:00:00_EST%20until%3A2021-05-09_00:00:00_EST&src=typd,0,
Drax,https://twitter.com/search?q=Drax%20lang:en%20since%3A2021-05-08_00:00:00_EST%20until%3A2021-05-09_00:00:00_EST&src=typd,0,
#BlackFaeDay,https://twitter.com/search?q=%23BlackFaeDay%20lang:en%20since%3A2021-05-08_00:00:00_EST%20until%3A2021-05-09_00:00:00_EST&src=typd,0,
Palestine,https://twitter.com/search?q=Palestine%20lang:en%20since%3A2021-05-08_00:00:00_EST%20until%3A2021-05-09_00:00:00_EST&src=typd,1,
RIP Bo,https://twitter.com/search?q=%22RIP+Bo%22%20lang:en%20since%3A2021-05-08_00:00:00_EST%20until%3A2021-05-09_00:00:00_EST&src=typd,0,
Mother's Day,https://twitter.com/search?q=%22Mother%27s+Day%22%20lang:en%20since%3A2021-05-08_00:00:00_EST%20until%3A2021-05-09_00:00:00_EST&src=typd,0,
Whitesnake,https://twitter.com/search?q=Whitesnake%20lang:en%20since%3A2021-05-08_00:00:00_EST%20until%3A2021-05-09_00:00:00_EST&src=typd,0,
#DogeCoinTo1Dollar,https://twitter.com/search?q=%23DogeCoinTo1Dollar%20lang:en%20since%3A2021-05-08_00:00:00_EST%20until%3A2021-05-09_00:00:00_EST&src=typd,0,
#RIPTawnyKitaen,https://twitter.com/search?q=%23RIPTawnyKitaen%20lang:en%20since%3A2021-05-08_00:00:00_EST%20until%3A2021-05-09_00:00:00_EST&src=typd,0,
Drummond,https://twitter.com/search?q=Drummond%20lang:en%20since%3A2021-05-08_00:00:00_EST%20until%3A2021-05-09_00:00:00_EST&src=typd,1,
Kobe,https://twitter.com/search?q=Kobe%20lang:en%20since%3A2021-05-15_00:00:00_EST%20until%3A2021-05-16_00:00:00_EST&src=typd,0,
Adderall,https://twitter.com/search?q=Adderall%20lang:en%20since%3A2021-05-15_00:00:00_EST%20until%3A2021-05-16_00:00:00_EST&src=typd,1,
Hamas,https://twitter.com/search?q=Hamas%20lang:en%20since%3A2021-05-15_00:00:00_EST%20until%3A2021-05-16_00:00:00_EST&src=typd,1,
Lil Reese,https://twitter.com/search?q=%22Lil+Reese%22%20lang:en%20since%3A2021-05-15_00:00:00_EST%20until%3A2021-05-16_00:00:00_EST&src=typd,0,
Endwalker,https://twitter.com/search?q=Endwalker%20lang:en%20since%3A2021-05-15_00:00:00_EST%20until%3A2021-05-16_00:00:00_EST&src=typd,0,
Tevin Campbell,https://twitter.com/search?q=%22Tevin+Campbell%22%20lang:en%20since%3A2021-05-15_00:00:00_EST%20until%3A2021-05-16_00:00:00_EST&src=typd,0,
#SaturdayVibes,https://twitter.com/search?q=%23SaturdayVibes%20lang:en%20since%3A2021-05-15_00:00:00_EST%20until%3A2021-05-16_00:00:00_EST&src=typd,0,
Don Lemon,https://twitter.com/search?q=%22Don+Lemon%22%20lang:en%20since%3A2021-05-15_00:00:00_EST%20until%3A2021-05-16_00:00:00_EST&src=typd,1,
#Caturday,https://twitter.com/search?q=%23Caturday%20lang:en%20since%3A2021-05-15_00:00:00_EST%20until%3A2021-05-16_00:00:00_EST&src=typd,0,
Viera,https://twitter.com/search?q=Viera%20lang:en%20since%3A2021-05-15_00:00:00_EST%20until%3A2021-05-16_00:00:00_EST&src=typd,0,
Clippers,https://twitter.com/search?q=Clippers%20lang:en%20since%3A2021-05-15_00:00:00_EST%20until%3A2021-05-16_00:00:00_EST&src=typd,1,
#May15Coup,https://twitter.com/search?q=%23May15Coup%20lang:en%20since%3A2021-05-15_00:00:00_EST%20until%3A2021-05-16_00:00:00_EST&src=typd,1,
#SaturdayMorning,https://twitter.com/search?q=%23SaturdayMorning%20lang:en%20since%3A2021-05-15_00:00:00_EST%20until%3A2021-05-16_00:00:00_EST&src=typd,0,
FFXIV,https://twitter.com/search?q=FFXIV%20lang:en%20since%3A2021-05-15_00:00:00_EST%20until%3A2021-05-16_00:00:00_EST&src=typd,0,
New Jack,https://twitter.com/search?q=%22New+Jack%22%20lang:en%20since%3A2021-05-15_00:00:00_EST%20until%3A2021-05-16_00:00:00_EST&src=typd,0,
#ArmedForcesDay,https://twitter.com/search?q=%23ArmedForcesDay%20lang:en%20since%3A2021-05-15_00:00:00_EST%20until%3A2021-05-16_00:00:00_EST&src=typd,0,
changmin,https://twitter.com/search?q=changmin%20lang:en%20since%3A2021-05-15_00:00:00_EST%20until%3A2021-05-16_00:00:00_EST&src=typd,0,
Reaper,https://twitter.com/search?q=Reaper%20lang:en%20since%3A2021-05-15_00:00:00_EST%20until%3A2021-05-16_00:00:00_EST&src=typd,0,
Phil,https://twitter.com/search?q=Phil%20lang:en%20since%3A2021-05-23_00:00:00_EST%20until%3A2021-05-24_00:00:00_EST&src=typd,0,
Melo,https://twitter.com/search?q=Melo%20lang:en%20since%3A2021-05-23_00:00:00_EST%20until%3A2021-05-24_00:00:00_EST&src=typd,0,
Cecily,https://twitter.com/search?q=Cecily%20lang:en%20since%3A2021-05-23_00:00:00_EST%20until%3A2021-05-24_00:00:00_EST&src=typd,0,
#sundayvibes,https://twitter.com/search?q=%23sundayvibes%20lang:en%20since%3A2021-05-23_00:00:00_EST%20until%3A2021-05-24_00:00:00_EST&src=typd,0,
Dame,https://twitter.com/search?q=Dame%20lang:en%20since%3A2021-05-23_00:00:00_EST%20until%3A2021-05-24_00:00:00_EST&src=typd,1,(*)
Lil Nas X,https://twitter.com/search?q=%22Lil+Nas+X%22%20lang:en%20since%3A2021-05-23_00:00:00_EST%20until%3A2021-05-24_00:00:00_EST&src=typd,0,
#TimeToExpelMarjorie,https://twitter.com/search?q=%23TimeToExpelMarjorie%20lang:en%20since%3A2021-05-23_00:00:00_EST%20until%3A2021-05-24_00:00:00_EST&src=typd,1,
Belarus,https://twitter.com/search?q=Belarus%20lang:en%20since%3A2021-05-23_00:00:00_EST%20until%3A2021-05-24_00:00:00_EST&src=typd,1,
Weekend Update,https://twitter.com/search?q=%22Weekend+Update%22%20lang:en%20since%3A2021-05-23_00:00:00_EST%20until%3A2021-05-24_00:00:00_EST&src=typd,0,
Blazers,https://twitter.com/search?q=Blazers%20lang:en%20since%3A2021-05-23_00:00:00_EST%20until%3A2021-05-24_00:00:00_EST&src=typd,0,
Nuggets,https://twitter.com/search?q=Nuggets%20lang:en%20since%3A2021-05-23_00:00:00_EST%20until%3A2021-05-24_00:00:00_EST&src=typd,0,
Man of Steel,https://twitter.com/search?q=%22Man+of+Steel%22%20lang:en%20since%3A2021-05-23_00:00:00_EST%20until%3A2021-05-24_00:00:00_EST&src=typd,0,
#SNLFinale,https://twitter.com/search?q=%23SNLFinale%20lang:en%20since%3A2021-05-23_00:00:00_EST%20until%3A2021-05-24_00:00:00_EST&src=typd,0,
Jokic,https://twitter.com/search?q=Jokic%20lang:en%20since%3A2021-05-23_00:00:00_EST%20until%3A2021-05-24_00:00:00_EST&src=typd,0,
#SundayMorning,https://twitter.com/search?q=%23SundayMorning%20lang:en%20since%3A2021-05-23_00:00:00_EST%20until%3A2021-05-24_00:00:00_EST&src=typd,0,
Knicks,https://twitter.com/search?q=Knicks%20lang:en%20since%3A2021-05-23_00:00:00_EST%20until%3A2021-05-24_00:00:00_EST&src=typd,0,
INKIGAYO,https://twitter.com/search?q=INKIGAYO%20lang:en%20since%3A2021-05-23_00:00:00_EST%20until%3A2021-05-24_00:00:00_EST&src=typd,0,
Rand Paul,https://twitter.com/search?q=%22Rand+Paul%22%20lang:en%20since%3A2021-05-23_00:00:00_EST%20until%3A2021-05-24_00:00:00_EST&src=typd,0,
Memorial Day,https://twitter.com/search?q=%22Memorial+Day%22%20lang:en%20since%3A2021-05-28_00:00:00_EST%20until%3A2021-05-29_00:00:00_EST&src=typd,0,
Harambe,https://twitter.com/search?q=Harambe%20lang:en%20since%3A2021-05-28_00:00:00_EST%20until%3A2021-05-29_00:00:00_EST&src=typd,0,
DMCA,https://twitter.com/search?q=DMCA%20lang:en%20since%3A2021-05-28_00:00:00_EST%20until%3A2021-05-29_00:00:00_EST&src=typd,0,
NJPW,https://twitter.com/search?q=NJPW%20lang:en%20since%3A2021-05-28_00:00:00_EST%20until%3A2021-05-29_00:00:00_EST&src=typd,0,
Crowder,https://twitter.com/search?q=Crowder%20lang:en%20since%3A2021-05-28_00:00:00_EST%20until%3A2021-05-29_00:00:00_EST&src=typd,1,
Austin Rivers,https://twitter.com/search?q=%22Austin+Rivers%22%20lang:en%20since%3A2021-05-28_00:00:00_EST%20until%3A2021-05-29_00:00:00_EST&src=typd,0,
Cruella,https://twitter.com/search?q=Cruella%20lang:en%20since%3A2021-05-28_00:00:00_EST%20until%3A2021-05-29_00:00:00_EST&src=typd,0,
Schumer,https://twitter.com/search?q=Schumer%20lang:en%20since%3A2021-05-28_00:00:00_EST%20until%3A2021-05-29_00:00:00_EST&src=typd,1,
#CriticalRoleSpoilers,https://twitter.com/search?q=%23CriticalRoleSpoilers%20lang:en%20since%3A2021-05-28_00:00:00_EST%20until%3A2021-05-29_00:00:00_EST&src=typd,0,
#fridaymorning,https://twitter.com/search?q=%23fridaymorning%20lang:en%20since%3A2021-05-28_00:00:00_EST%20until%3A2021-05-29_00:00:00_EST&src=typd,0,
Chris Paul,https://twitter.com/search?q=%22Chris+Paul%22%20lang:en%20since%3A2021-05-28_00:00:00_EST%20until%3A2021-05-29_00:00:00_EST&src=typd,1,
Joe Brown,https://twitter.com/search?q=%22Joe+Brown%22%20lang:en%20since%3A2021-05-28_00:00:00_EST%20until%3A2021-05-29_00:00:00_EST&src=typd,1,
kuz,https://twitter.com/search?q=Kuzma%20lang:en%20since%3A2021-05-28_00:00:00_EST%20until%3A2021-05-29_00:00:00_EST&src=typd,1,
Bath Salts,https://twitter.com/search?q=%22Bath+Salts%22%20lang:en%20since%3A2021-05-28_00:00:00_EST%20until%3A2021-05-29_00:00:00_EST&src=typd,0,
#CashAppFriday,https://twitter.com/search?q=%23CashAppFriday%20lang:en%20since%3A2021-05-28_00:00:00_EST%20until%3A2021-05-29_00:00:00_EST&src=typd,0,
Physical Ranged,https://twitter.com/search?q=%22Physical+Ranged%22%20lang:en%20since%3A2021-05-28_00:00:00_EST%20until%3A2021-05-29_00:00:00_EST&src=typd,0,
Canes,https://twitter.com/search?q=Canes%20lang:en%20since%3A2021-05-28_00:00:00_EST%20until%3A2021-05-29_00:00:00_EST&src=typd,0,
Benghazi,https://twitter.com/search?q=Benghazi%20lang:en%20since%3A2021-05-28_00:00:00_EST%20until%3A2021-05-29_00:00:00_EST&src=typd,1,
Israel,https://twitter.com/search?q=Israel%20lang:en%20since%3A2021-05-11_00:00:00_EST%20until%3A2021-05-12_00:00:00_EST&src=typd,1,
Porsha,https://twitter.com/search?q=Porsha%20lang:en%20since%3A2021-05-11_00:00:00_EST%20until%3A2021-05-12_00:00:00_EST&src=typd,0,
Hamas,https://twitter.com/search?q=Hamas%20lang:en%20since%3A2021-05-11_00:00:00_EST%20until%3A2021-05-12_00:00:00_EST&src=typd,1,
Tebow,https://twitter.com/search?q=Tebow%20lang:en%20since%3A2021-05-11_00:00:00_EST%20until%3A2021-05-12_00:00:00_EST&src=typd,0,
Fritos,https://twitter.com/search?q=Fritos%20lang:en%20since%3A2021-05-11_00:00:00_EST%20until%3A2021-05-12_00:00:00_EST&src=typd,0,
Falynn,https://twitter.com/search?q=Falynn%20lang:en%20since%3A2021-05-11_00:00:00_EST%20until%3A2021-05-12_00:00:00_EST&src=typd,0,
Prego,https://twitter.com/search?q=Prego%20lang:en%20since%3A2021-05-11_00:00:00_EST%20until%3A2021-05-12_00:00:00_EST&src=typd,0,
Middle East,https://twitter.com/search?q=%22Middle+East%22%20lang:en%20since%3A2021-05-11_00:00:00_EST%20until%3A2021-05-12_00:00:00_EST&src=typd,1,
Rand Paul,https://twitter.com/search?q=%22Rand+Paul%22%20lang:en%20since%3A2021-05-11_00:00:00_EST%20until%3A2021-05-12_00:00:00_EST&src=typd,0,
#tuesdayvibe,https://twitter.com/search?q=%23tuesdayvibe%20lang:en%20since%3A2021-05-11_00:00:00_EST%20until%3A2021-05-12_00:00:00_EST&src=typd,0,
Gaza,https://twitter.com/search?q=Gaza%20lang:en%20since%3A2021-05-11_00:00:00_EST%20until%3A2021-05-12_00:00:00_EST&src=typd,1,
Andrew Yang,https://twitter.com/search?q=%22Andrew+Yang%22%20lang:en%20since%3A2021-05-11_00:00:00_EST%20until%3A2021-05-12_00:00:00_EST&src=typd,1,
Oakland,https://twitter.com/search?q=Oakland%20lang:en%20since%3A2021-05-11_00:00:00_EST%20until%3A2021-05-12_00:00:00_EST&src=typd,0,
Palestine,https://twitter.com/search?q=Palestine%20lang:en%20since%3A2021-05-11_00:00:00_EST%20until%3A2021-05-12_00:00:00_EST&src=typd,1,
#tuesdaymotivations,https://twitter.com/search?q=%23tuesdaymotivations%20lang:en%20since%3A2021-05-11_00:00:00_EST%20until%3A2021-05-12_00:00:00_EST&src=typd,0,
#AddAWordRuinATVShow,https://twitter.com/search?q=%23AddAWordRuinATVShow%20lang:en%20since%3A2021-05-11_00:00:00_EST%20until%3A2021-05-12_00:00:00_EST&src=typd,0,
#gasshortage,https://twitter.com/search?q=%23gasshortage%20lang:en%20since%3A2021-05-11_00:00:00_EST%20until%3A2021-05-12_00:00:00_EST&src=typd,1,
Colt Brennan,https://twitter.com/search?q=%22Colt+Brennan%22%20lang:en%20since%3A2021-05-11_00:00:00_EST%20until%3A2021-05-12_00:00:00_EST&src=typd,0,
LGBTQ,https://twitter.com/search?q=LGBTQ%20lang:en%20since%3A2021-06-01_00:00:00_EST%20until%3A2021-06-02_00:00:00_EST&src=typd,0,
#pride,https://twitter.com/search?q=%23pride%20lang:en%20since%3A2021-06-01_00:00:00_EST%20until%3A2021-06-02_00:00:00_EST&src=typd,0,
#Thankiversary,https://twitter.com/search?q=%23Thankiversary%20lang:en%20since%3A2021-06-01_00:00:00_EST%20until%3A2021-06-02_00:00:00_EST&src=typd,0,
Happy Pride Month,https://twitter.com/search?q=%22Happy+Pride+Month%22%20lang:en%20since%3A2021-06-01_00:00:00_EST%20until%3A2021-06-02_00:00:00_EST&src=typd,0,
Tom Holland,https://twitter.com/search?q=%22Tom+Holland%22%20lang:en%20since%3A2021-06-01_00:00:00_EST%20until%3A2021-06-02_00:00:00_EST&src=typd,0,
#loveislove,https://twitter.com/search?q=%23loveislove%20lang:en%20since%3A2021-06-01_00:00:00_EST%20until%3A2021-06-02_00:00:00_EST&src=typd,0,
Ellie Kemper,https://twitter.com/search?q=%22Ellie+Kemper%22%20lang:en%20since%3A2021-06-01_00:00:00_EST%20until%3A2021-06-02_00:00:00_EST&src=typd,1,
Everton,https://twitter.com/search?q=Everton%20lang:en%20since%3A2021-06-01_00:00:00_EST%20until%3A2021-06-02_00:00:00_EST&src=typd,0,
iCarly,https://twitter.com/search?q=iCarly%20lang:en%20since%3A2021-06-01_00:00:00_EST%20until%3A2021-06-02_00:00:00_EST&src=typd,0,
Ancelotti,https://twitter.com/search?q=Ancelotti%20lang:en%20since%3A2021-06-01_00:00:00_EST%20until%3A2021-06-02_00:00:00_EST&src=typd,0,
hanbin,https://twitter.com/search?q=hanbin%20lang:en%20since%3A2021-06-01_00:00:00_EST%20until%3A2021-06-02_00:00:00_EST&src=typd,0,
deGrom,https://twitter.com/search?q=deGrom%20lang:en%20since%3A2021-06-01_00:00:00_EST%20until%3A2021-06-02_00:00:00_EST&src=typd,0,(*)
New Month,https://twitter.com/search?q=%22New+Month%22%20lang:en%20since%3A2021-06-01_00:00:00_EST%20until%3A2021-06-02_00:00:00_EST&src=typd,0,
#TMobileTuesdays,https://twitter.com/search?q=%23TMobileTuesdays%20lang:en%20since%3A2021-06-01_00:00:00_EST%20until%3A2021-06-02_00:00:00_EST&src=typd,0,
Maggie Haberman,https://twitter.com/search?q=%22Maggie+Haberman%22%20lang:en%20since%3A2021-06-01_00:00:00_EST%20until%3A2021-06-02_00:00:00_EST&src=typd,1,
Dillon Brooks,https://twitter.com/search?q=%22Dillon+Brooks%22%20lang:en%20since%3A2021-06-01_00:00:00_EST%20until%3A2021-06-02_00:00:00_EST&src=typd,0,(*)
HELP THE BEAR,https://twitter.com/search?q=%22HELP+THE+BEAR%22%20lang:en%20since%3A2021-06-01_00:00:00_EST%20until%3A2021-06-02_00:00:00_EST&src=typd,0,
Candace Owens,https://twitter.com/search?q=%22Candace+Owens%22%20lang:en%20since%3A2021-06-01_00:00:00_EST%20until%3A2021-06-02_00:00:00_EST&src=typd,1,
#NationalNursesDay,https://twitter.com/search?q=%23NationalNursesDay%20lang:en%20since%3A2021-05-06_00:00:00_EST%20until%3A2021-05-07_00:00:00_EST&src=typd,,
Jericho,https://twitter.com/search?q=Jericho%20lang:en%20since%3A2021-05-06_00:00:00_EST%20until%3A2021-05-07_00:00:00_EST&src=typd,,
Willie Mays,https://twitter.com/search?q=%22Willie+Mays%22%20lang:en%20since%3A2021-05-06_00:00:00_EST%20until%3A2021-05-07_00:00:00_EST&src=typd,,
#NationalDayofPrayer,https://twitter.com/search?q=%23NationalDayofPrayer%20lang:en%20since%3A2021-05-06_00:00:00_EST%20until%3A2021-05-07_00:00:00_EST&src=typd,,
Pujols,https://twitter.com/search?q=Pujols%20lang:en%20since%3A2021-05-06_00:00:00_EST%20until%3A2021-05-07_00:00:00_EST&src=typd,,
PINK JOON,https://twitter.com/search?q=%22PINK+JOON%22%20lang:en%20since%3A2021-05-06_00:00:00_EST%20until%3A2021-05-07_00:00:00_EST&src=typd,,
#thursdaymorning,https://twitter.com/search?q=%23thursdaymorning%20lang:en%20since%3A2021-05-06_00:00:00_EST%20until%3A2021-05-07_00:00:00_EST&src=typd,,
Floyd,https://twitter.com/search?q=Floyd%20lang:en%20since%3A2021-05-06_00:00:00_EST%20until%3A2021-05-07_00:00:00_EST&src=typd,,
baekhyun,https://twitter.com/search?q=baekhyun%20lang:en%20since%3A2021-05-06_00:00:00_EST%20until%3A2021-05-07_00:00:00_EST&src=typd,,
Happy 90th,https://twitter.com/search?q=%22Happy+90th%22%20lang:en%20since%3A2021-05-06_00:00:00_EST%20until%3A2021-05-07_00:00:00_EST&src=typd,,
Sedona,https://twitter.com/search?q=Sedona%20lang:en%20since%3A2021-05-06_00:00:00_EST%20until%3A2021-05-07_00:00:00_EST&src=typd,,
#ThursdayThoughts,https://twitter.com/search?q=%23ThursdayThoughts%20lang:en%20since%3A2021-05-06_00:00:00_EST%20until%3A2021-05-07_00:00:00_EST&src=typd,,
Google Docs,https://twitter.com/search?q=%22Google+Docs%22%20lang:en%20since%3A2021-05-06_00:00:00_EST%20until%3A2021-05-07_00:00:00_EST&src=typd,,
Jake Paul,https://twitter.com/search?q=%22Jake+Paul%22%20lang:en%20since%3A2021-05-06_00:00:00_EST%20until%3A2021-05-07_00:00:00_EST&src=typd,,
chenle,https://twitter.com/search?q=chenle%20lang:en%20since%3A2021-05-06_00:00:00_EST%20until%3A2021-05-07_00:00:00_EST&src=typd,,
Rizzo,https://twitter.com/search?q=Rizzo%20lang:en%20since%3A2021-05-06_00:00:00_EST%20until%3A2021-05-07_00:00:00_EST&src=typd,,
Def Jam,https://twitter.com/search?q=%22Def+Jam%22%20lang:en%20since%3A2021-05-06_00:00:00_EST%20until%3A2021-05-07_00:00:00_EST&src=typd,,
Cubs,https://twitter.com/search?q=Cubs%20lang:en%20since%3A2021-05-06_00:00:00_EST%20until%3A2021-05-07_00:00:00_EST&src=typd,,
#UCLFinal,https://twitter.com/search?q=%23UCLFinal%20lang:en%20since%3A2021-05-29_00:00:00_EST%20until%3A2021-05-30_00:00:00_EST&src=typd,,
Chelsea,https://twitter.com/search?q=Chelsea%20lang:en%20since%3A2021-05-29_00:00:00_EST%20until%3A2021-05-30_00:00:00_EST&src=typd,,
Essex,https://twitter.com/search?q=Essex%20lang:en%20since%3A2021-05-29_00:00:00_EST%20until%3A2021-05-30_00:00:00_EST&src=typd,,
Tatum,https://twitter.com/search?q=Tatum%20lang:en%20since%3A2021-05-29_00:00:00_EST%20until%3A2021-05-30_00:00:00_EST&src=typd,,
Five Guys,https://twitter.com/search?q=%22Five+Guys%22%20lang:en%20since%3A2021-05-29_00:00:00_EST%20until%3A2021-05-30_00:00:00_EST&src=typd,,
Porzingis,https://twitter.com/search?q=Porzingis%20lang:en%20since%3A2021-05-29_00:00:00_EST%20until%3A2021-05-30_00:00:00_EST&src=typd,,
Luka,https://twitter.com/search?q=Luka%20lang:en%20since%3A2021-05-29_00:00:00_EST%20until%3A2021-05-30_00:00:00_EST&src=typd,,
Andy Ngo,https://twitter.com/search?q=%22Andy+Ngo%22%20lang:en%20since%3A2021-05-29_00:00:00_EST%20until%3A2021-05-30_00:00:00_EST&src=typd,,
Pulisic,https://twitter.com/search?q=Pulisic%20lang:en%20since%3A2021-05-29_00:00:00_EST%20until%3A2021-05-30_00:00:00_EST&src=typd,,
#SaturdayMorning,https://twitter.com/search?q=%23SaturdayMorning%20lang:en%20since%3A2021-05-29_00:00:00_EST%20until%3A2021-05-30_00:00:00_EST&src=typd,,
Brentford,https://twitter.com/search?q=Brentford%20lang:en%20since%3A2021-05-29_00:00:00_EST%20until%3A2021-05-30_00:00:00_EST&src=typd,,
Whataburger,https://twitter.com/search?q=Whataburger%20lang:en%20since%3A2021-05-29_00:00:00_EST%20until%3A2021-05-30_00:00:00_EST&src=typd,,
Tuchel,https://twitter.com/search?q=Tuchel%20lang:en%20since%3A2021-05-29_00:00:00_EST%20until%3A2021-05-30_00:00:00_EST&src=typd,,
Cruella,https://twitter.com/search?q=Cruella%20lang:en%20since%3A2021-05-29_00:00:00_EST%20until%3A2021-05-30_00:00:00_EST&src=typd,,
Dan Crenshaw,https://twitter.com/search?q=%22Dan+Crenshaw%22%20lang:en%20since%3A2021-05-29_00:00:00_EST%20until%3A2021-05-30_00:00:00_EST&src=typd,,
Kante,https://twitter.com/search?q=Kante%20lang:en%20since%3A2021-05-29_00:00:00_EST%20until%3A2021-05-30_00:00:00_EST&src=typd,,
#SaturdayThoughts,https://twitter.com/search?q=%23SaturdayThoughts%20lang:en%20since%3A2021-05-29_00:00:00_EST%20until%3A2021-05-30_00:00:00_EST&src=typd,,
Clippers,https://twitter.com/search?q=Clippers%20lang:en%20since%3A2021-05-29_00:00:00_EST%20until%3A2021-05-30_00:00:00_EST&src=typd,,
Israel,https://twitter.com/search?q=Israel%20lang:en%20since%3A2021-05-10_00:00:00_EST%20until%3A2021-05-11_00:00:00_EST&src=typd,,
Joseline,https://twitter.com/search?q=Joseline%20lang:en%20since%3A2021-05-10_00:00:00_EST%20until%3A2021-05-11_00:00:00_EST&src=typd,,
Hamas,https://twitter.com/search?q=Hamas%20lang:en%20since%3A2021-05-10_00:00:00_EST%20until%3A2021-05-11_00:00:00_EST&src=typd,,
#MondayMotivation,https://twitter.com/search?q=%23MondayMotivation%20lang:en%20since%3A2021-05-10_00:00:00_EST%20until%3A2021-05-11_00:00:00_EST&src=typd,,
San Andreas,https://twitter.com/search?q=%22San+Andreas%22%20lang:en%20since%3A2021-05-10_00:00:00_EST%20until%3A2021-05-11_00:00:00_EST&src=typd,,
Tebow,https://twitter.com/search?q=Tebow%20lang:en%20since%3A2021-05-10_00:00:00_EST%20until%3A2021-05-11_00:00:00_EST&src=typd,,
#TuckerVaxxed,https://twitter.com/search?q=%23TuckerVaxxed%20lang:en%20since%3A2021-05-10_00:00:00_EST%20until%3A2021-05-11_00:00:00_EST&src=typd,,
Vice City,https://twitter.com/search?q=%22Vice+City%22%20lang:en%20since%3A2021-05-10_00:00:00_EST%20until%3A2021-05-11_00:00:00_EST&src=typd,,
#mondaythoughts,https://twitter.com/search?q=%23mondaythoughts%20lang:en%20since%3A2021-05-10_00:00:00_EST%20until%3A2021-05-11_00:00:00_EST&src=typd,,
Venom,https://twitter.com/search?q=Venom%20lang:en%20since%3A2021-05-10_00:00:00_EST%20until%3A2021-05-11_00:00:00_EST&src=typd,,
Nicki,https://twitter.com/search?q=Nicki%20lang:en%20since%3A2021-05-10_00:00:00_EST%20until%3A2021-05-11_00:00:00_EST&src=typd,,
Palestine,https://twitter.com/search?q=Palestine%20lang:en%20since%3A2021-05-10_00:00:00_EST%20until%3A2021-05-11_00:00:00_EST&src=typd,,
Gaza,https://twitter.com/search?q=Gaza%20lang:en%20since%3A2021-05-10_00:00:00_EST%20until%3A2021-05-11_00:00:00_EST&src=typd,,
Rudy Gobert,https://twitter.com/search?q=%22Rudy+Gobert%22%20lang:en%20since%3A2021-05-10_00:00:00_EST%20until%3A2021-05-11_00:00:00_EST&src=typd,,
#BBMAsTopSocial,https://twitter.com/search?q=%23BBMAsTopSocial%20lang:en%20since%3A2021-05-10_00:00:00_EST%20until%3A2021-05-11_00:00:00_EST&src=typd,,
john mulaney,https://twitter.com/search?q=%22john+mulaney%22%20lang:en%20since%3A2021-05-10_00:00:00_EST%20until%3A2021-05-11_00:00:00_EST&src=typd,,
Palestinian,https://twitter.com/search?q=Palestinian%20lang:en%20since%3A2021-05-10_00:00:00_EST%20until%3A2021-05-11_00:00:00_EST&src=typd,,
corey,https://twitter.com/search?q=corey%20lang:en%20since%3A2021-05-10_00:00:00_EST%20until%3A2021-05-11_00:00:00_EST&src=typd,,
Cinco de Mayo,https://twitter.com/search?q=%22Cinco+de+Mayo%22%20lang:en%20since%3A2021-05-05_00:00:00_EST%20until%3A2021-05-06_00:00:00_EST&src=typd,,
Happy Cinco de Mayo,https://twitter.com/search?q=%22Happy+Cinco+de+Mayo%22%20lang:en%20since%3A2021-05-05_00:00:00_EST%20until%3A2021-05-06_00:00:00_EST&src=typd,,
Barr,https://twitter.com/search?q=Barr%20lang:en%20since%3A2021-05-05_00:00:00_EST%20until%3A2021-05-06_00:00:00_EST&src=typd,,
Jon Stewart,https://twitter.com/search?q=%22Jon+Stewart%22%20lang:en%20since%3A2021-05-05_00:00:00_EST%20until%3A2021-05-06_00:00:00_EST&src=typd,,
#cats4ranboo,https://twitter.com/search?q=%23cats4ranboo%20lang:en%20since%3A2021-05-05_00:00:00_EST%20until%3A2021-05-06_00:00:00_EST&src=typd,,
#wednesdaythought,https://twitter.com/search?q=%23wednesdaythought%20lang:en%20since%3A2021-05-05_00:00:00_EST%20until%3A2021-05-06_00:00:00_EST&src=typd,,
Dimitri,https://twitter.com/search?q=Dimitri%20lang:en%20since%3A2021-05-05_00:00:00_EST%20until%3A2021-05-06_00:00:00_EST&src=typd,,
john mulaney,https://twitter.com/search?q=%22john+mulaney%22%20lang:en%20since%3A2021-05-05_00:00:00_EST%20until%3A2021-05-06_00:00:00_EST&src=typd,,
Chelsea,https://twitter.com/search?q=Chelsea%20lang:en%20since%3A2021-05-05_00:00:00_EST%20until%3A2021-05-06_00:00:00_EST&src=typd,,
ash kash,https://twitter.com/search?q=%22ash+kash%22%20lang:en%20since%3A2021-05-05_00:00:00_EST%20until%3A2021-05-06_00:00:00_EST&src=typd,,
Puebla,https://twitter.com/search?q=Puebla%20lang:en%20since%3A2021-05-05_00:00:00_EST%20until%3A2021-05-06_00:00:00_EST&src=typd,,
Rangers,https://twitter.com/search?q=Rangers%20lang:en%20since%3A2021-05-05_00:00:00_EST%20until%3A2021-05-06_00:00:00_EST&src=typd,,
Mueller,https://twitter.com/search?q=Mueller%20lang:en%20since%3A2021-05-05_00:00:00_EST%20until%3A2021-05-06_00:00:00_EST&src=typd,,
Pulisic,https://twitter.com/search?q=Pulisic%20lang:en%20since%3A2021-05-05_00:00:00_EST%20until%3A2021-05-06_00:00:00_EST&src=typd,,
#DeleteFacebook,https://twitter.com/search?q=%23DeleteFacebook%20lang:en%20since%3A2021-05-05_00:00:00_EST%20until%3A2021-05-06_00:00:00_EST&src=typd,,
Superman,https://twitter.com/search?q=Superman%20lang:en%20since%3A2021-05-05_00:00:00_EST%20until%3A2021-05-06_00:00:00_EST&src=typd,,
Bryan Danielson,https://twitter.com/search?q=%22Bryan+Danielson%22%20lang:en%20since%3A2021-05-05_00:00:00_EST%20until%3A2021-05-06_00:00:00_EST&src=typd,,
John Means,https://twitter.com/search?q=%22John+Means%22%20lang:en%20since%3A2021-05-05_00:00:00_EST%20until%3A2021-05-06_00:00:00_EST&src=typd,,
#NationalRescueDogDay,https://twitter.com/search?q=%23NationalRescueDogDay%20lang:en%20since%3A2021-05-20_00:00:00_EST%20until%3A2021-05-21_00:00:00_EST&src=typd,,
Berserk,https://twitter.com/search?q=Berserk%20lang:en%20since%3A2021-05-20_00:00:00_EST%20until%3A2021-05-21_00:00:00_EST&src=typd,,
Kentaro Miura,https://twitter.com/search?q=%22Kentaro+Miura%22%20lang:en%20since%3A2021-05-20_00:00:00_EST%20until%3A2021-05-21_00:00:00_EST&src=typd,,
Lebron,https://twitter.com/search?q=Lebron%20lang:en%20since%3A2021-05-20_00:00:00_EST%20until%3A2021-05-21_00:00:00_EST&src=typd,,
Lakers,https://twitter.com/search?q=Lakers%20lang:en%20since%3A2021-05-20_00:00:00_EST%20until%3A2021-05-21_00:00:00_EST&src=typd,,
Kadri,https://twitter.com/search?q=Kadri%20lang:en%20since%3A2021-05-20_00:00:00_EST%20until%3A2021-05-21_00:00:00_EST&src=typd,,
Draymond,https://twitter.com/search?q=Draymond%20lang:en%20since%3A2021-05-20_00:00:00_EST%20until%3A2021-05-21_00:00:00_EST&src=typd,,
#WorldBeeDay,https://twitter.com/search?q=%23WorldBeeDay%20lang:en%20since%3A2021-05-20_00:00:00_EST%20until%3A2021-05-21_00:00:00_EST&src=typd,,
Julio Jones,https://twitter.com/search?q=%22Julio+Jones%22%20lang:en%20since%3A2021-05-20_00:00:00_EST%20until%3A2021-05-21_00:00:00_EST&src=typd,,
Guts,https://twitter.com/search?q=Guts%20lang:en%20since%3A2021-05-20_00:00:00_EST%20until%3A2021-05-21_00:00:00_EST&src=typd,,
Caruso,https://twitter.com/search?q=Caruso%20lang:en%20since%3A2021-05-20_00:00:00_EST%20until%3A2021-05-21_00:00:00_EST&src=typd,,
Chris Cuomo,https://twitter.com/search?q=%22Chris+Cuomo%22%20lang:en%20since%3A2021-05-20_00:00:00_EST%20until%3A2021-05-21_00:00:00_EST&src=typd,,
Ted Cruz,https://twitter.com/search?q=%22Ted+Cruz%22%20lang:en%20since%3A2021-05-20_00:00:00_EST%20until%3A2021-05-21_00:00:00_EST&src=typd,,
Steph,https://twitter.com/search?q=Steph%20lang:en%20since%3A2021-05-20_00:00:00_EST%20until%3A2021-05-21_00:00:00_EST&src=typd,,
Gemini,https://twitter.com/search?q=Gemini%20lang:en%20since%3A2021-05-20_00:00:00_EST%20until%3A2021-05-21_00:00:00_EST&src=typd,,
Wiggins,https://twitter.com/search?q=Wiggins%20lang:en%20since%3A2021-05-20_00:00:00_EST%20until%3A2021-05-21_00:00:00_EST&src=typd,,
Suns,https://twitter.com/search?q=Suns%20lang:en%20since%3A2021-05-20_00:00:00_EST%20until%3A2021-05-21_00:00:00_EST&src=typd,,
Kirk Franklin,https://twitter.com/search?q=%22Kirk+Franklin%22%20lang:en%20since%3A2021-05-20_00:00:00_EST%20until%3A2021-05-21_00:00:00_EST&src=typd,,
#PitMad,https://twitter.com/search?q=%23PitMad%20lang:en%20since%3A2021-06-03_00:00:00_EST%20until%3A2021-06-04_00:00:00_EST&src=typd,,
grimes,https://twitter.com/search?q=grimes%20lang:en%20since%3A2021-06-03_00:00:00_EST%20until%3A2021-06-04_00:00:00_EST&src=typd,,
Luka,https://twitter.com/search?q=Luka%20lang:en%20since%3A2021-06-03_00:00:00_EST%20until%3A2021-06-04_00:00:00_EST&src=typd,,
McLovin,https://twitter.com/search?q=McLovin%20lang:en%20since%3A2021-06-03_00:00:00_EST%20until%3A2021-06-04_00:00:00_EST&src=typd,,
Mavs,https://twitter.com/search?q=Mavs%20lang:en%20since%3A2021-06-03_00:00:00_EST%20until%3A2021-06-04_00:00:00_EST&src=typd,,
Kawhi,https://twitter.com/search?q=Kawhi%20lang:en%20since%3A2021-06-03_00:00:00_EST%20until%3A2021-06-04_00:00:00_EST&src=typd,,
Andy Ngo,https://twitter.com/search?q=%22Andy+Ngo%22%20lang:en%20since%3A2021-06-03_00:00:00_EST%20until%3A2021-06-04_00:00:00_EST&src=typd,,
Porzingis,https://twitter.com/search?q=Porzingis%20lang:en%20since%3A2021-06-03_00:00:00_EST%20until%3A2021-06-04_00:00:00_EST&src=typd,,
Vanessa Bryant,https://twitter.com/search?q=%22Vanessa+Bryant%22%20lang:en%20since%3A2021-06-03_00:00:00_EST%20until%3A2021-06-04_00:00:00_EST&src=typd,,
Rondo,https://twitter.com/search?q=Rondo%20lang:en%20since%3A2021-06-03_00:00:00_EST%20until%3A2021-06-04_00:00:00_EST&src=typd,,
Caresha,https://twitter.com/search?q=Caresha%20lang:en%20since%3A2021-06-03_00:00:00_EST%20until%3A2021-06-04_00:00:00_EST&src=typd,,
Chick-fil-A,https://twitter.com/search?q=Chick-fil-A%20lang:en%20since%3A2021-06-03_00:00:00_EST%20until%3A2021-06-04_00:00:00_EST&src=typd,,
Evans,https://twitter.com/search?q=Evans%20lang:en%20since%3A2021-06-03_00:00:00_EST%20until%3A2021-06-04_00:00:00_EST&src=typd,,
#WCWS,https://twitter.com/search?q=%23WCWS%20lang:en%20since%3A2021-06-03_00:00:00_EST%20until%3A2021-06-04_00:00:00_EST&src=typd,,
Twitter Blue,https://twitter.com/search?q=%22Twitter+Blue%22%20lang:en%20since%3A2021-06-03_00:00:00_EST%20until%3A2021-06-04_00:00:00_EST&src=typd,,
Terrance Mann,https://twitter.com/search?q=%22Terrance+Mann%22%20lang:en%20since%3A2021-06-03_00:00:00_EST%20until%3A2021-06-04_00:00:00_EST&src=typd,,
DeJoy,https://twitter.com/search?q=DeJoy%20lang:en%20since%3A2021-06-03_00:00:00_EST%20until%3A2021-06-04_00:00:00_EST&src=typd,,
James Madison,https://twitter.com/search?q=%22James+Madison%22%20lang:en%20since%3A2021-06-03_00:00:00_EST%20until%3A2021-06-04_00:00:00_EST&src=typd,,
J Cole,https://twitter.com/search?q=%22J+Cole%22%20lang:en%20since%3A2021-05-14_00:00:00_EST%20until%3A2021-05-15_00:00:00_EST&src=typd,,
Nicki,https://twitter.com/search?q=Nicki%20lang:en%20since%3A2021-05-14_00:00:00_EST%20until%3A2021-05-15_00:00:00_EST&src=typd,,
Seeing Green,https://twitter.com/search?q=%22Seeing+Green%22%20lang:en%20since%3A2021-05-14_00:00:00_EST%20until%3A2021-05-15_00:00:00_EST&src=typd,,
Itty Bitty Piggy,https://twitter.com/search?q=%22Itty+Bitty+Piggy%22%20lang:en%20since%3A2021-05-14_00:00:00_EST%20until%3A2021-05-15_00:00:00_EST&src=typd,,
olivia rodrigo,https://twitter.com/search?q=%22olivia+rodrigo%22%20lang:en%20since%3A2021-05-14_00:00:00_EST%20until%3A2021-05-15_00:00:00_EST&src=typd,,
Scotty,https://twitter.com/search?q=Scotty%20lang:en%20since%3A2021-05-14_00:00:00_EST%20until%3A2021-05-15_00:00:00_EST&src=typd,,
The CDC,https://twitter.com/search?q=%22The+CDC%22%20lang:en%20since%3A2021-05-14_00:00:00_EST%20until%3A2021-05-15_00:00:00_EST&src=typd,,
Kodak,https://twitter.com/search?q=Kodak%20lang:en%20since%3A2021-05-14_00:00:00_EST%20until%3A2021-05-15_00:00:00_EST&src=typd,,
#TheOffSeason,https://twitter.com/search?q=%23TheOffSeason%20lang:en%20since%3A2021-05-14_00:00:00_EST%20until%3A2021-05-15_00:00:00_EST&src=typd,,
Apple Music,https://twitter.com/search?q=%22Apple+Music%22%20lang:en%20since%3A2021-05-14_00:00:00_EST%20until%3A2021-05-15_00:00:00_EST&src=typd,,
21 Savage,https://twitter.com/search?q=%2221+Savage%22%20lang:en%20since%3A2021-05-14_00:00:00_EST%20until%3A2021-05-15_00:00:00_EST&src=typd,,
Charlotte Russe,https://twitter.com/search?q=%22Charlotte+Russe%22%20lang:en%20since%3A2021-05-14_00:00:00_EST%20until%3A2021-05-15_00:00:00_EST&src=typd,,
#fridaymorning,https://twitter.com/search?q=%23fridaymorning%20lang:en%20since%3A2021-05-14_00:00:00_EST%20until%3A2021-05-15_00:00:00_EST&src=typd,,
Jermaine,https://twitter.com/search?q=Jermaine%20lang:en%20since%3A2021-05-14_00:00:00_EST%20until%3A2021-05-15_00:00:00_EST&src=typd,,
Luigi,https://twitter.com/search?q=Luigi%20lang:en%20since%3A2021-05-14_00:00:00_EST%20until%3A2021-05-15_00:00:00_EST&src=typd,,
Lil Baby,https://twitter.com/search?q=%22Lil+Baby%22%20lang:en%20since%3A2021-05-14_00:00:00_EST%20until%3A2021-05-15_00:00:00_EST&src=typd,,
Wayne,https://twitter.com/search?q=Wayne%20lang:en%20since%3A2021-05-14_00:00:00_EST%20until%3A2021-05-15_00:00:00_EST&src=typd,,
95 South,https://twitter.com/search?q=%2295+South%22%20lang:en%20since%3A2021-05-14_00:00:00_EST%20until%3A2021-05-15_00:00:00_EST&src=typd,,
Eid Mubarak,https://twitter.com/search?q=%22Eid+Mubarak%22%20lang:en%20since%3A2021-05-13_00:00:00_EST%20until%3A2021-05-14_00:00:00_EST&src=typd,,
The CDC,https://twitter.com/search?q=%22The+CDC%22%20lang:en%20since%3A2021-05-13_00:00:00_EST%20until%3A2021-05-14_00:00:00_EST&src=typd,,
WE ARE CLOSED,https://twitter.com/search?q=%22WE+ARE+CLOSED%22%20lang:en%20since%3A2021-05-13_00:00:00_EST%20until%3A2021-05-14_00:00:00_EST&src=typd,,
Robert Pattinson,https://twitter.com/search?q=%22Robert+Pattinson%22%20lang:en%20since%3A2021-05-13_00:00:00_EST%20until%3A2021-05-14_00:00:00_EST&src=typd,,
mnet,https://twitter.com/search?q=mnet%20lang:en%20since%3A2021-05-13_00:00:00_EST%20until%3A2021-05-14_00:00:00_EST&src=typd,,
#AMCSqueeze,https://twitter.com/search?q=%23AMCSqueeze%20lang:en%20since%3A2021-05-13_00:00:00_EST%20until%3A2021-05-14_00:00:00_EST&src=typd,,
Greene,https://twitter.com/search?q=Greene%20lang:en%20since%3A2021-05-13_00:00:00_EST%20until%3A2021-05-14_00:00:00_EST&src=typd,,
Rihanna,https://twitter.com/search?q=Rihanna%20lang:en%20since%3A2021-05-13_00:00:00_EST%20until%3A2021-05-14_00:00:00_EST&src=typd,,
He-Man,https://twitter.com/search?q=He-Man%20lang:en%20since%3A2021-05-13_00:00:00_EST%20until%3A2021-05-14_00:00:00_EST&src=typd,,
Olivia Munn,https://twitter.com/search?q=%22Olivia+Munn%22%20lang:en%20since%3A2021-05-13_00:00:00_EST%20until%3A2021-05-14_00:00:00_EST&src=typd,,
#ThursdayThoughts,https://twitter.com/search?q=%23ThursdayThoughts%20lang:en%20since%3A2021-05-13_00:00:00_EST%20until%3A2021-05-14_00:00:00_EST&src=typd,,
Granny Smith,https://twitter.com/search?q=%22Granny+Smith%22%20lang:en%20since%3A2021-05-13_00:00:00_EST%20until%3A2021-05-14_00:00:00_EST&src=typd,,
NICKI DAY,https://twitter.com/search?q=%22NICKI+DAY%22%20lang:en%20since%3A2021-05-13_00:00:00_EST%20until%3A2021-05-14_00:00:00_EST&src=typd,,
Honeycrisp,https://twitter.com/search?q=Honeycrisp%20lang:en%20since%3A2021-05-13_00:00:00_EST%20until%3A2021-05-14_00:00:00_EST&src=typd,,
#thursdaymorning,https://twitter.com/search?q=%23thursdaymorning%20lang:en%20since%3A2021-05-13_00:00:00_EST%20until%3A2021-05-14_00:00:00_EST&src=typd,,
Stevie Wonder,https://twitter.com/search?q=%22Stevie+Wonder%22%20lang:en%20since%3A2021-05-13_00:00:00_EST%20until%3A2021-05-14_00:00:00_EST&src=typd,,
Rage Against the Machine,https://twitter.com/search?q=%22Rage+Against+the+Machine%22%20lang:en%20since%3A2021-05-13_00:00:00_EST%20until%3A2021-05-14_00:00:00_EST&src=typd,,
Fuji,https://twitter.com/search?q=Fuji%20lang:en%20since%3A2021-05-13_00:00:00_EST%20until%3A2021-05-14_00:00:00_EST&src=typd,,
Bob Dylan,https://twitter.com/search?q=%22Bob+Dylan%22%20lang:en%20since%3A2021-05-24_00:00:00_EST%20until%3A2021-05-25_00:00:00_EST&src=typd,,
#PanVisibilityDay,https://twitter.com/search?q=%23PanVisibilityDay%20lang:en%20since%3A2021-05-24_00:00:00_EST%20until%3A2021-05-25_00:00:00_EST&src=typd,,
Julio Jones,https://twitter.com/search?q=%22Julio+Jones%22%20lang:en%20since%3A2021-05-24_00:00:00_EST%20until%3A2021-05-25_00:00:00_EST&src=typd,,
Dillon Brooks,https://twitter.com/search?q=%22Dillon+Brooks%22%20lang:en%20since%3A2021-05-24_00:00:00_EST%20until%3A2021-05-25_00:00:00_EST&src=typd,,
#MondayMotivation,https://twitter.com/search?q=%23MondayMotivation%20lang:en%20since%3A2021-05-24_00:00:00_EST%20until%3A2021-05-25_00:00:00_EST&src=typd,,
Happy 80th,https://twitter.com/search?q=%22Happy+80th%22%20lang:en%20since%3A2021-05-24_00:00:00_EST%20until%3A2021-05-25_00:00:00_EST&src=typd,,
#mondaythoughts,https://twitter.com/search?q=%23mondaythoughts%20lang:en%20since%3A2021-05-24_00:00:00_EST%20until%3A2021-05-25_00:00:00_EST&src=typd,,
#CollegeInSixWords,https://twitter.com/search?q=%23CollegeInSixWords%20lang:en%20since%3A2021-05-24_00:00:00_EST%20until%3A2021-05-25_00:00:00_EST&src=typd,,
Jazz,https://twitter.com/search?q=Jazz%20lang:en%20since%3A2021-05-24_00:00:00_EST%20until%3A2021-05-25_00:00:00_EST&src=typd,,
Megan Fox,https://twitter.com/search?q=%22Megan+Fox%22%20lang:en%20since%3A2021-05-24_00:00:00_EST%20until%3A2021-05-25_00:00:00_EST&src=typd,,
Falcons,https://twitter.com/search?q=Falcons%20lang:en%20since%3A2021-05-24_00:00:00_EST%20until%3A2021-05-25_00:00:00_EST&src=typd,,
Times Square,https://twitter.com/search?q=%22Times+Square%22%20lang:en%20since%3A2021-05-24_00:00:00_EST%20until%3A2021-05-25_00:00:00_EST&src=typd,,
Elliot,https://twitter.com/search?q=Elliot%20lang:en%20since%3A2021-05-24_00:00:00_EST%20until%3A2021-05-25_00:00:00_EST&src=typd,,
Shannon,https://twitter.com/search?q=Shannon%20lang:en%20since%3A2021-05-24_00:00:00_EST%20until%3A2021-05-25_00:00:00_EST&src=typd,,
Willy Wonka,https://twitter.com/search?q=%22Willy+Wonka%22%20lang:en%20since%3A2021-05-24_00:00:00_EST%20until%3A2021-05-25_00:00:00_EST&src=typd,,
Gobert,https://twitter.com/search?q=Gobert%20lang:en%20since%3A2021-05-24_00:00:00_EST%20until%3A2021-05-25_00:00:00_EST&src=typd,,
Pusha T,https://twitter.com/search?q=%22Pusha+T%22%20lang:en%20since%3A2021-05-24_00:00:00_EST%20until%3A2021-05-25_00:00:00_EST&src=typd,,
#BBMAs,https://twitter.com/search?q=%23BBMAs%20lang:en%20since%3A2021-05-24_00:00:00_EST%20until%3A2021-05-25_00:00:00_EST&src=typd,,
#MemorialDay,https://twitter.com/search?q=%23MemorialDay%20lang:en%20since%3A2021-05-31_00:00:00_EST%20until%3A2021-06-01_00:00:00_EST&src=typd,,
Kyrie,https://twitter.com/search?q=Kyrie%20lang:en%20since%3A2021-05-31_00:00:00_EST%20until%3A2021-06-01_00:00:00_EST&src=typd,,
Texas Democrats,https://twitter.com/search?q=%22Texas+Democrats%22%20lang:en%20since%3A2021-05-31_00:00:00_EST%20until%3A2021-06-01_00:00:00_EST&src=typd,,
Naomi Osaka,https://twitter.com/search?q=%22Naomi+Osaka%22%20lang:en%20since%3A2021-05-31_00:00:00_EST%20until%3A2021-06-01_00:00:00_EST&src=typd,,
#ARSD,https://twitter.com/search?q=%23ARSD%20lang:en%20since%3A2021-05-31_00:00:00_EST%20until%3A2021-06-01_00:00:00_EST&src=typd,,
Tulsa,https://twitter.com/search?q=Tulsa%20lang:en%20since%3A2021-05-31_00:00:00_EST%20until%3A2021-06-01_00:00:00_EST&src=typd,,
#ARMYSelcaDay,https://twitter.com/search?q=%23ARMYSelcaDay%20lang:en%20since%3A2021-05-31_00:00:00_EST%20until%3A2021-06-01_00:00:00_EST&src=typd,,
Texas Dems,https://twitter.com/search?q=%22Texas+Dems%22%20lang:en%20since%3A2021-05-31_00:00:00_EST%20until%3A2021-06-01_00:00:00_EST&src=typd,,
sienna mae,https://twitter.com/search?q=%22sienna+mae%22%20lang:en%20since%3A2021-05-31_00:00:00_EST%20until%3A2021-06-01_00:00:00_EST&src=typd,,
HAPPY PRIDE MONTH,https://twitter.com/search?q=%22HAPPY+PRIDE+MONTH%22%20lang:en%20since%3A2021-05-31_00:00:00_EST%20until%3A2021-06-01_00:00:00_EST&src=typd,,
Watchmen,https://twitter.com/search?q=Watchmen%20lang:en%20since%3A2021-05-31_00:00:00_EST%20until%3A2021-06-01_00:00:00_EST&src=typd,,
French Open,https://twitter.com/search?q=%22French+Open%22%20lang:en%20since%3A2021-05-31_00:00:00_EST%20until%3A2021-06-01_00:00:00_EST&src=typd,,
Cruz Azul,https://twitter.com/search?q=%22Cruz+Azul%22%20lang:en%20since%3A2021-05-31_00:00:00_EST%20until%3A2021-06-01_00:00:00_EST&src=typd,,
WWII,https://twitter.com/search?q=WWII%20lang:en%20since%3A2021-05-31_00:00:00_EST%20until%3A2021-06-01_00:00:00_EST&src=typd,,
Bo Burnham,https://twitter.com/search?q=%22Bo+Burnham%22%20lang:en%20since%3A2021-05-31_00:00:00_EST%20until%3A2021-06-01_00:00:00_EST&src=typd,,
Ellie Kemper,https://twitter.com/search?q=%22Ellie+Kemper%22%20lang:en%20since%3A2021-05-31_00:00:00_EST%20until%3A2021-06-01_00:00:00_EST&src=typd,,
Kate Winslet,https://twitter.com/search?q=%22Kate+Winslet%22%20lang:en%20since%3A2021-05-31_00:00:00_EST%20until%3A2021-06-01_00:00:00_EST&src=typd,,
Linkin Park,https://twitter.com/search?q=%22Linkin+Park%22%20lang:en%20since%3A2021-05-31_00:00:00_EST%20until%3A2021-06-01_00:00:00_EST&src=typd,,
#FriendsReunion,https://twitter.com/search?q=%23FriendsReunion%20lang:en%20since%3A2021-05-27_00:00:00_EST%20until%3A2021-05-28_00:00:00_EST&src=typd,,
Paul Ryan,https://twitter.com/search?q=%22Paul+Ryan%22%20lang:en%20since%3A2021-05-27_00:00:00_EST%20until%3A2021-05-28_00:00:00_EST&src=typd,,
#ToadCruz,https://twitter.com/search?q=%23ToadCruz%20lang:en%20since%3A2021-05-27_00:00:00_EST%20until%3A2021-05-28_00:00:00_EST&src=typd,,
Switch Pro,https://twitter.com/search?q=%22Switch+Pro%22%20lang:en%20since%3A2021-05-27_00:00:00_EST%20until%3A2021-05-28_00:00:00_EST&src=typd,,
Russ,https://twitter.com/search?q=Russ%20lang:en%20since%3A2021-05-27_00:00:00_EST%20until%3A2021-05-28_00:00:00_EST&src=typd,,
Dragon Quest,https://twitter.com/search?q=%22Dragon+Quest%22%20lang:en%20since%3A2021-05-27_00:00:00_EST%20until%3A2021-05-28_00:00:00_EST&src=typd,,
Pirates,https://twitter.com/search?q=Pirates%20lang:en%20since%3A2021-05-27_00:00:00_EST%20until%3A2021-05-28_00:00:00_EST&src=typd,,
Baez,https://twitter.com/search?q=Baez%20lang:en%20since%3A2021-05-27_00:00:00_EST%20until%3A2021-05-28_00:00:00_EST&src=typd,,
Eric Carle,https://twitter.com/search?q=%22Eric+Carle%22%20lang:en%20since%3A2021-05-27_00:00:00_EST%20until%3A2021-05-28_00:00:00_EST&src=typd,,
#GoToHellMitch,https://twitter.com/search?q=%23GoToHellMitch%20lang:en%20since%3A2021-05-27_00:00:00_EST%20until%3A2021-05-28_00:00:00_EST&src=typd,,
Diddy,https://twitter.com/search?q=Diddy%20lang:en%20since%3A2021-05-27_00:00:00_EST%20until%3A2021-05-28_00:00:00_EST&src=typd,,
callahan,https://twitter.com/search?q=callahan%20lang:en%20since%3A2021-05-27_00:00:00_EST%20until%3A2021-05-28_00:00:00_EST&src=typd,,
Gobert,https://twitter.com/search?q=Gobert%20lang:en%20since%3A2021-05-27_00:00:00_EST%20until%3A2021-05-28_00:00:00_EST&src=typd,,
Boo Hoo,https://twitter.com/search?q=%22Boo+Hoo%22%20lang:en%20since%3A2021-05-27_00:00:00_EST%20until%3A2021-05-28_00:00:00_EST&src=typd,,
Seven Samurai,https://twitter.com/search?q=%22Seven+Samurai%22%20lang:en%20since%3A2021-05-27_00:00:00_EST%20until%3A2021-05-28_00:00:00_EST&src=typd,,
#thursdayvibes,https://twitter.com/search?q=%23thursdayvibes%20lang:en%20since%3A2021-05-27_00:00:00_EST%20until%3A2021-05-28_00:00:00_EST&src=typd,,
Flies,https://twitter.com/search?q=Flies%20lang:en%20since%3A2021-05-27_00:00:00_EST%20until%3A2021-05-28_00:00:00_EST&src=typd,,
Game 7,https://twitter.com/search?q=%22Game+7%22%20lang:en%20since%3A2021-05-27_00:00:00_EST%20until%3A2021-05-28_00:00:00_EST&src=typd,,
Fauci,https://twitter.com/search?q=Fauci%20lang:en%20since%3A2021-06-02_00:00:00_EST%20until%3A2021-06-03_00:00:00_EST&src=typd,,
Dame,https://twitter.com/search?q=Dame%20lang:en%20since%3A2021-06-02_00:00:00_EST%20until%3A2021-06-03_00:00:00_EST&src=typd,,
Lakers,https://twitter.com/search?q=Lakers%20lang:en%20since%3A2021-06-02_00:00:00_EST%20until%3A2021-06-03_00:00:00_EST&src=typd,,
Spotify,https://twitter.com/search?q=Spotify%20lang:en%20since%3A2021-06-02_00:00:00_EST%20until%3A2021-06-03_00:00:00_EST&src=typd,,
Portland,https://twitter.com/search?q=Portland%20lang:en%20since%3A2021-06-02_00:00:00_EST%20until%3A2021-06-03_00:00:00_EST&src=typd,,
#FauciEmails,https://twitter.com/search?q=%23FauciEmails%20lang:en%20since%3A2021-06-02_00:00:00_EST%20until%3A2021-06-03_00:00:00_EST&src=typd,,
Lebron,https://twitter.com/search?q=Lebron%20lang:en%20since%3A2021-06-02_00:00:00_EST%20until%3A2021-06-03_00:00:00_EST&src=typd,,
Coach K,https://twitter.com/search?q=%22Coach+K%22%20lang:en%20since%3A2021-06-02_00:00:00_EST%20until%3A2021-06-03_00:00:00_EST&src=typd,,
Nuggets,https://twitter.com/search?q=Nuggets%20lang:en%20since%3A2021-06-02_00:00:00_EST%20until%3A2021-06-03_00:00:00_EST&src=typd,,
Braun,https://twitter.com/search?q=Braun%20lang:en%20since%3A2021-06-02_00:00:00_EST%20until%3A2021-06-03_00:00:00_EST&src=typd,,
Denver,https://twitter.com/search?q=Denver%20lang:en%20since%3A2021-06-02_00:00:00_EST%20until%3A2021-06-03_00:00:00_EST&src=typd,,
Jokic,https://twitter.com/search?q=Jokic%20lang:en%20since%3A2021-06-02_00:00:00_EST%20until%3A2021-06-03_00:00:00_EST&src=typd,,
Duke,https://twitter.com/search?q=Duke%20lang:en%20since%3A2021-06-02_00:00:00_EST%20until%3A2021-06-03_00:00:00_EST&src=typd,,
Chris Paul,https://twitter.com/search?q=%22Chris+Paul%22%20lang:en%20since%3A2021-06-02_00:00:00_EST%20until%3A2021-06-03_00:00:00_EST&src=typd,,
Austin Rivers,https://twitter.com/search?q=%22Austin+Rivers%22%20lang:en%20since%3A2021-06-02_00:00:00_EST%20until%3A2021-06-03_00:00:00_EST&src=typd,,
Booker,https://twitter.com/search?q=Booker%20lang:en%20since%3A2021-06-02_00:00:00_EST%20until%3A2021-06-03_00:00:00_EST&src=typd,,
Lana,https://twitter.com/search?q=Lana%20lang:en%20since%3A2021-06-02_00:00:00_EST%20until%3A2021-06-03_00:00:00_EST&src=typd,,
#GlobalRunningDay,https://twitter.com/search?q=%23GlobalRunningDay%20lang:en%20since%3A2021-06-02_00:00:00_EST%20until%3A2021-06-03_00:00:00_EST&src=typd,,
Bo Burnham,https://twitter.com/search?q=%22Bo+Burnham%22%20lang:en%20since%3A2021-05-30_00:00:00_EST%20until%3A2021-05-31_00:00:00_EST&src=typd,,
#Indy500,https://twitter.com/search?q=%23Indy500%20lang:en%20since%3A2021-05-30_00:00:00_EST%20until%3A2021-05-31_00:00:00_EST&src=typd,,
Wii U,https://twitter.com/search?q=%22Wii+U%22%20lang:en%20since%3A2021-05-30_00:00:00_EST%20until%3A2021-05-31_00:00:00_EST&src=typd,,
Night Court,https://twitter.com/search?q=%22Night+Court%22%20lang:en%20since%3A2021-05-30_00:00:00_EST%20until%3A2021-05-31_00:00:00_EST&src=typd,,
Stetson,https://twitter.com/search?q=Stetson%20lang:en%20since%3A2021-05-30_00:00:00_EST%20until%3A2021-05-31_00:00:00_EST&src=typd,,
#sundayvibes,https://twitter.com/search?q=%23sundayvibes%20lang:en%20since%3A2021-05-30_00:00:00_EST%20until%3A2021-05-31_00:00:00_EST&src=typd,,
#CancelTrumpism,https://twitter.com/search?q=%23CancelTrumpism%20lang:en%20since%3A2021-05-30_00:00:00_EST%20until%3A2021-05-31_00:00:00_EST&src=typd,,
Haney,https://twitter.com/search?q=Haney%20lang:en%20since%3A2021-05-30_00:00:00_EST%20until%3A2021-05-31_00:00:00_EST&src=typd,,
Ozuna,https://twitter.com/search?q=Ozuna%20lang:en%20since%3A2021-05-30_00:00:00_EST%20until%3A2021-05-31_00:00:00_EST&src=typd,,
Grayson Allen,https://twitter.com/search?q=%22Grayson+Allen%22%20lang:en%20since%3A2021-05-30_00:00:00_EST%20until%3A2021-05-31_00:00:00_EST&src=typd,,
Aloy,https://twitter.com/search?q=Aloy%20lang:en%20since%3A2021-05-30_00:00:00_EST%20until%3A2021-05-31_00:00:00_EST&src=typd,,
Cracker Barrel,https://twitter.com/search?q=%22Cracker+Barrel%22%20lang:en%20since%3A2021-05-30_00:00:00_EST%20until%3A2021-05-31_00:00:00_EST&src=typd,,
B.J. Thomas,https://twitter.com/search?q=%22B.J.+Thomas%22%20lang:en%20since%3A2021-05-30_00:00:00_EST%20until%3A2021-05-31_00:00:00_EST&src=typd,,
#HiJustin,https://twitter.com/search?q=%23HiJustin%20lang:en%20since%3A2021-05-30_00:00:00_EST%20until%3A2021-05-31_00:00:00_EST&src=typd,,
#SundayMorning,https://twitter.com/search?q=%23SundayMorning%20lang:en%20since%3A2021-05-30_00:00:00_EST%20until%3A2021-05-31_00:00:00_EST&src=typd,,
#AEWDoN,https://twitter.com/search?q=%23AEWDoN%20lang:en%20since%3A2021-05-30_00:00:00_EST%20until%3A2021-05-31_00:00:00_EST&src=typd,,
Kamala,https://twitter.com/search?q=Kamala%20lang:en%20since%3A2021-05-30_00:00:00_EST%20until%3A2021-05-31_00:00:00_EST&src=typd,,
Memorial Day,https://twitter.com/search?q=%22Memorial+Day%22%20lang:en%20since%3A2021-05-30_00:00:00_EST%20until%3A2021-05-31_00:00:00_EST&src=typd,,
Mother's Day,https://twitter.com/search?q=%22Mother%27s+Day%22%20lang:en%20since%3A2021-05-09_00:00:00_EST%20until%3A2021-05-10_00:00:00_EST&src=typd,,
AAVE,https://twitter.com/search?q=AAVE%20lang:en%20since%3A2021-05-09_00:00:00_EST%20until%3A2021-05-10_00:00:00_EST&src=typd,,
Canelo,https://twitter.com/search?q=Canelo%20lang:en%20since%3A2021-05-09_00:00:00_EST%20until%3A2021-05-10_00:00:00_EST&src=typd,,
Indian Ocean,https://twitter.com/search?q=%22Indian+Ocean%22%20lang:en%20since%3A2021-05-09_00:00:00_EST%20until%3A2021-05-10_00:00:00_EST&src=typd,,
Wario,https://twitter.com/search?q=Wario%20lang:en%20since%3A2021-05-09_00:00:00_EST%20until%3A2021-05-10_00:00:00_EST&src=typd,,
Elon,https://twitter.com/search?q=Elon%20lang:en%20since%3A2021-05-09_00:00:00_EST%20until%3A2021-05-10_00:00:00_EST&src=typd,,
#dogetothemoon,https://twitter.com/search?q=%23dogetothemoon%20lang:en%20since%3A2021-05-09_00:00:00_EST%20until%3A2021-05-10_00:00:00_EST&src=typd,,
Maldives,https://twitter.com/search?q=Maldives%20lang:en%20since%3A2021-05-09_00:00:00_EST%20until%3A2021-05-10_00:00:00_EST&src=typd,,
Madres,https://twitter.com/search?q=Madres%20lang:en%20since%3A2021-05-09_00:00:00_EST%20until%3A2021-05-10_00:00:00_EST&src=typd,,
Steph,https://twitter.com/search?q=Steph%20lang:en%20since%3A2021-05-09_00:00:00_EST%20until%3A2021-05-10_00:00:00_EST&src=typd,,
Medina Spirit,https://twitter.com/search?q=%22Medina+Spirit%22%20lang:en%20since%3A2021-05-09_00:00:00_EST%20until%3A2021-05-10_00:00:00_EST&src=typd,,
sydney sweeney,https://twitter.com/search?q=%22sydney+sweeney%22%20lang:en%20since%3A2021-05-09_00:00:00_EST%20until%3A2021-05-10_00:00:00_EST&src=typd,,
John Brown,https://twitter.com/search?q=%22John+Brown%22%20lang:en%20since%3A2021-05-09_00:00:00_EST%20until%3A2021-05-10_00:00:00_EST&src=typd,,
Braves,https://twitter.com/search?q=Braves%20lang:en%20since%3A2021-05-09_00:00:00_EST%20until%3A2021-05-10_00:00:00_EST&src=typd,,
Dan Aykroyd,https://twitter.com/search?q=%22Dan+Aykroyd%22%20lang:en%20since%3A2021-05-09_00:00:00_EST%20until%3A2021-05-10_00:00:00_EST&src=typd,,
#Robinhood,https://twitter.com/search?q=%23Robinhood%20lang:en%20since%3A2021-05-09_00:00:00_EST%20until%3A2021-05-10_00:00:00_EST&src=typd,,
#SundayMorning,https://twitter.com/search?q=%23SundayMorning%20lang:en%20since%3A2021-05-09_00:00:00_EST%20until%3A2021-05-10_00:00:00_EST&src=typd,,
Moms,https://twitter.com/search?q=Moms%20lang:en%20since%3A2021-05-09_00:00:00_EST%20until%3A2021-05-10_00:00:00_EST&src=typd,,
LLC PARTY,https://twitter.com/search?q=%22LLC+PARTY%22%20lang:en%20since%3A2021-05-07_00:00:00_EST%20until%3A2021-05-08_00:00:00_EST&src=typd,,
J Cole,https://twitter.com/search?q=%22J+Cole%22%20lang:en%20since%3A2021-05-07_00:00:00_EST%20until%3A2021-05-08_00:00:00_EST&src=typd,,
Labour,https://twitter.com/search?q=Labour%20lang:en%20since%3A2021-05-07_00:00:00_EST%20until%3A2021-05-08_00:00:00_EST&src=typd,,
#fridaymorning,https://twitter.com/search?q=%23fridaymorning%20lang:en%20since%3A2021-05-07_00:00:00_EST%20until%3A2021-05-08_00:00:00_EST&src=typd,,
#FreeCodeFridayContest,https://twitter.com/search?q=%23FreeCodeFridayContest%20lang:en%20since%3A2021-05-07_00:00:00_EST%20until%3A2021-05-08_00:00:00_EST&src=typd,,
#WMPitch,https://twitter.com/search?q=%23WMPitch%20lang:en%20since%3A2021-05-07_00:00:00_EST%20until%3A2021-05-08_00:00:00_EST&src=typd,,
Jimmy Carter,https://twitter.com/search?q=%22Jimmy+Carter%22%20lang:en%20since%3A2021-05-07_00:00:00_EST%20until%3A2021-05-08_00:00:00_EST&src=typd,,
Balmain,https://twitter.com/search?q=Balmain%20lang:en%20since%3A2021-05-07_00:00:00_EST%20until%3A2021-05-08_00:00:00_EST&src=typd,,
Fraggle Rock,https://twitter.com/search?q=%22Fraggle+Rock%22%20lang:en%20since%3A2021-05-07_00:00:00_EST%20until%3A2021-05-08_00:00:00_EST&src=typd,,
Tee Grizzley,https://twitter.com/search?q=%22Tee+Grizzley%22%20lang:en%20since%3A2021-05-07_00:00:00_EST%20until%3A2021-05-08_00:00:00_EST&src=typd,,
Mario Judah,https://twitter.com/search?q=%22Mario+Judah%22%20lang:en%20since%3A2021-05-07_00:00:00_EST%20until%3A2021-05-08_00:00:00_EST&src=typd,,
#FridayVibes,https://twitter.com/search?q=%23FridayVibes%20lang:en%20since%3A2021-05-07_00:00:00_EST%20until%3A2021-05-08_00:00:00_EST&src=typd,,
Truckee,https://twitter.com/search?q=Truckee%20lang:en%20since%3A2021-05-07_00:00:00_EST%20until%3A2021-05-08_00:00:00_EST&src=typd,,
Isaiah Rashad,https://twitter.com/search?q=%22Isaiah+Rashad%22%20lang:en%20since%3A2021-05-07_00:00:00_EST%20until%3A2021-05-08_00:00:00_EST&src=typd,,
Super Smash Bros,https://twitter.com/search?q=%22Super+Smash+Bros%22%20lang:en%20since%3A2021-05-07_00:00:00_EST%20until%3A2021-05-08_00:00:00_EST&src=typd,,
Toosii,https://twitter.com/search?q=Toosii%20lang:en%20since%3A2021-05-07_00:00:00_EST%20until%3A2021-05-08_00:00:00_EST&src=typd,,
Miss The Rage,https://twitter.com/search?q=%22Miss+The+Rage%22%20lang:en%20since%3A2021-05-07_00:00:00_EST%20until%3A2021-05-08_00:00:00_EST&src=typd,,
The Villages,https://twitter.com/search?q=%22The+Villages%22%20lang:en%20since%3A2021-05-07_00:00:00_EST%20until%3A2021-05-08_00:00:00_EST&src=typd,,