,topics,links
0,#NationalNursesDay,https://twitter.com/search?q=%23NationalNursesDay%20lang:en%20since%3A2021-05-06_00:00:00_EST%20until%3A2021-05-07_00:00:00_EST&src=typd
1,Jericho,https://twitter.com/search?q=Jericho%20lang:en%20since%3A2021-05-06_00:00:00_EST%20until%3A2021-05-07_00:00:00_EST&src=typd
2,Willie Mays,https://twitter.com/search?q=%22Willie+Mays%22%20lang:en%20since%3A2021-05-06_00:00:00_EST%20until%3A2021-05-07_00:00:00_EST&src=typd
3,#NationalDayofPrayer,https://twitter.com/search?q=%23NationalDayofPrayer%20lang:en%20since%3A2021-05-06_00:00:00_EST%20until%3A2021-05-07_00:00:00_EST&src=typd
4,Pujols,https://twitter.com/search?q=Pujols%20lang:en%20since%3A2021-05-06_00:00:00_EST%20until%3A2021-05-07_00:00:00_EST&src=typd
5,PINK JOON,https://twitter.com/search?q=%22PINK+JOON%22%20lang:en%20since%3A2021-05-06_00:00:00_EST%20until%3A2021-05-07_00:00:00_EST&src=typd
6,#thursdaymorning,https://twitter.com/search?q=%23thursdaymorning%20lang:en%20since%3A2021-05-06_00:00:00_EST%20until%3A2021-05-07_00:00:00_EST&src=typd
7,Floyd,https://twitter.com/search?q=Floyd%20lang:en%20since%3A2021-05-06_00:00:00_EST%20until%3A2021-05-07_00:00:00_EST&src=typd
8,baekhyun,https://twitter.com/search?q=baekhyun%20lang:en%20since%3A2021-05-06_00:00:00_EST%20until%3A2021-05-07_00:00:00_EST&src=typd
9,Happy 90th,https://twitter.com/search?q=%22Happy+90th%22%20lang:en%20since%3A2021-05-06_00:00:00_EST%20until%3A2021-05-07_00:00:00_EST&src=typd
10,Sedona,https://twitter.com/search?q=Sedona%20lang:en%20since%3A2021-05-06_00:00:00_EST%20until%3A2021-05-07_00:00:00_EST&src=typd
11,#ThursdayThoughts,https://twitter.com/search?q=%23ThursdayThoughts%20lang:en%20since%3A2021-05-06_00:00:00_EST%20until%3A2021-05-07_00:00:00_EST&src=typd
12,Google Docs,https://twitter.com/search?q=%22Google+Docs%22%20lang:en%20since%3A2021-05-06_00:00:00_EST%20until%3A2021-05-07_00:00:00_EST&src=typd
13,Jake Paul,https://twitter.com/search?q=%22Jake+Paul%22%20lang:en%20since%3A2021-05-06_00:00:00_EST%20until%3A2021-05-07_00:00:00_EST&src=typd
14,chenle,https://twitter.com/search?q=chenle%20lang:en%20since%3A2021-05-06_00:00:00_EST%20until%3A2021-05-07_00:00:00_EST&src=typd
15,Rizzo,https://twitter.com/search?q=Rizzo%20lang:en%20since%3A2021-05-06_00:00:00_EST%20until%3A2021-05-07_00:00:00_EST&src=typd
16,Def Jam,https://twitter.com/search?q=%22Def+Jam%22%20lang:en%20since%3A2021-05-06_00:00:00_EST%20until%3A2021-05-07_00:00:00_EST&src=typd
17,Cubs,https://twitter.com/search?q=Cubs%20lang:en%20since%3A2021-05-06_00:00:00_EST%20until%3A2021-05-07_00:00:00_EST&src=typd
6_00:00:00_EST&src=typd
